Genero,Edad,EstadoCivil,Hijos,ConQuienVive,Discapacidad,EstratoSocial,Trabaja,DependeDeSusPadres,CantMaterias,CantCreditos,Promedio,PosDesertor
1,20,1,0,4,0,1,0,0,4,17,61.04,1
1,24,1,1,2,0,1,0,1,2,25,43.73,1
1,22,1,1,1,0,1,1,1,3,29,74.57,1
2,20,1,0,4,0,1,0,0,1,6,47.55,1
2,18,1,0,3,0,5,0,0,5,21,25.38,1
2,19,1,1,1,0,1,1,1,6,19,52.73,1
1,20,1,0,4,0,1,0,0,3,11,57.00,1
1,19,1,1,2,0,3,0,0,5,23,59.38,0
2,26,1,1,4,0,6,0,0,2,16,73.72,0
2,23,1,1,1,0,1,1,1,5,28,60.22,1
1,118,1,0,1,0,2,1,1,1,5,0.00,1
1,18,1,0,3,0,4,1,1,6,19,50.45,0
1,22,1,0,3,0,5,0,0,5,23,76.50,1
1,19,1,1,4,0,6,0,0,5,23,65.81,0
2,21,1,1,1,0,1,1,1,4,19,49.06,1
2,21,1,0,1,0,2,1,1,3,22,70.36,1
1,26,1,0,4,0,7,0,1,1,16,74.77,0
2,21,1,0,1,0,2,1,1,3,29,66.58,1
1,20,1,1,2,0,1,0,1,3,9,69.19,1
1,22,1,0,4,0,1,0,0,8,20,63.30,1
2,22,1,0,3,0,5,0,0,5,23,58.00,1
2,20,1,1,2,0,3,0,0,4,16,56.42,0
2,20,1,0,3,0,5,0,0,5,23,52.35,1
1,118,1,0,4,0,1,0,0,1,0,0.00,1
1,23,1,0,3,0,5,0,0,4,27,61.85,1
2,27,1,1,2,0,1,0,1,1,16,80.76,0
2,21,1,0,1,0,2,1,1,2,9,57.11,1
1,19,1,0,3,0,4,1,1,3,11,46.00,0
2,24,1,0,4,0,7,0,1,2,21,82.13,0
1,23,1,0,4,0,7,1,1,5,26,77.00,0
2,20,1,1,2,0,1,0,1,3,12,62.70,1
2,18,1,0,3,0,4,1,1,5,21,29.13,0
1,18,1,1,1,0,1,1,1,5,21,43.25,1
1,21,1,0,1,0,2,1,1,5,27,75.53,1
1,23,1,0,4,0,1,0,0,3,29,62.48,1
2,118,1,0,4,0,7,0,1,1,0,0.00,0
1,25,1,0,4,0,7,1,1,3,12,58.65,0
2,22,1,0,4,0,7,1,1,2,18,67.64,0
1,32,1,0,3,0,4,1,1,2,5,68.63,0
2,23,1,1,2,0,1,0,1,5,28,48.90,1
2,21,1,1,2,0,3,0,0,8,17,68.25,0
2,21,1,0,1,0,2,1,1,8,20,66.85,1
2,18,1,1,1,0,1,1,1,5,21,41.56,1
2,19,1,0,4,0,1,0,0,4,17,59.07,1
2,20,1,0,4,0,7,0,1,2,12,47.60,0
1,20,1,0,4,0,1,0,0,3,24,71.29,1
1,22,1,1,2,0,3,0,0,4,27,72.17,0
2,23,1,0,4,0,1,0,0,2,12,39.88,1
1,21,1,0,4,0,7,0,1,1,5,54.44,0
2,21,1,1,4,0,6,0,0,1,9,71.00,0
2,18,1,1,4,0,6,0,0,5,21,50.67,0
2,25,1,0,4,0,7,1,1,2,16,68.37,0
1,22,1,0,3,0,4,1,1,5,26,90.12,0
2,20,1,1,2,0,3,0,0,3,10,63.67,0
1,25,1,0,3,0,5,0,0,3,13,54.33,1
2,21,1,1,2,0,1,0,1,3,21,67.40,1
2,19,1,0,4,0,7,0,1,4,15,70.82,0
2,21,1,0,3,0,4,1,1,2,10,57.26,0
2,24,1,0,3,0,5,0,0,4,27,55.83,1
2,26,1,0,3,0,4,1,1,18,82,33.80,0
1,118,1,0,4,0,7,0,1,1,15,0.00,0
2,21,1,0,3,0,4,1,1,8,19,69.21,0
1,20,1,0,3,0,5,0,0,5,23,66.63,1
1,26,1,0,4,0,1,0,0,2,16,63.13,1
1,38,1,0,1,0,2,1,1,1,1,49.08,1
1,18,1,1,4,0,6,0,0,6,19,51.78,0
2,19,1,1,1,0,1,1,1,3,12,72.38,1
1,20,1,0,3,0,4,1,1,5,27,63.64,0
1,20,1,1,1,0,1,1,1,2,9,49.27,1
2,20,1,0,4,0,7,1,1,5,15,43.82,0
2,20,1,1,1,0,1,1,1,3,13,46.90,1
1,19,1,0,1,0,2,1,1,5,23,54.93,1
2,28,1,1,2,0,1,0,1,1,3,79.91,0
1,25,1,0,4,0,1,0,0,2,16,68.04,1
2,19,1,0,4,0,1,0,0,6,19,49.00,1
1,19,1,1,4,0,6,0,0,4,16,65.76,0
2,22,1,1,2,0,1,0,1,3,12,58.00,1
1,19,1,0,4,0,1,0,0,1,5,54.58,1
1,36,1,0,3,0,5,0,0,2,9,43.15,1
1,18,1,0,4,0,7,0,1,6,19,43.82,0
2,20,1,0,4,0,7,1,1,4,15,52.31,0
1,21,1,0,4,0,7,1,1,8,19,71.52,0
2,25,1,0,4,0,7,1,1,6,16,67.22,0
2,23,1,0,3,0,4,1,1,8,19,69.91,0
1,21,1,1,1,0,1,1,1,7,20,58.66,1
2,20,1,1,1,0,1,1,1,3,14,76.29,1
1,23,1,0,1,0,2,1,1,5,17,57.98,1
2,21,1,0,4,0,7,0,1,3,29,72.50,0
1,20,1,0,3,0,5,0,0,5,19,57.64,1
2,24,1,1,2,0,3,0,0,7,22,79.25,0
2,18,1,1,2,0,1,0,1,3,12,32.00,1
2,19,1,0,4,0,7,1,1,4,15,70.82,0
2,24,1,0,4,0,7,0,1,7,20,57.42,0
2,21,1,1,1,0,1,1,1,2,8,53.64,1
1,25,1,0,1,0,2,1,1,2,0,85.23,0
2,118,1,1,2,0,1,0,1,1,0,0.00,1
2,22,1,0,3,0,5,0,0,7,18,69.05,1
2,23,1,1,2,0,3,0,0,3,24,79.40,0
1,22,1,0,3,0,4,1,1,7,22,84.44,0
2,36,1,0,3,0,5,0,0,7,22,64.41,1
1,22,1,0,1,0,2,1,1,3,17,65.59,1
2,19,1,0,1,0,2,1,1,4,16,70.88,1
1,20,1,0,4,0,7,0,1,1,4,62.09,0
1,20,1,0,3,0,4,1,1,6,19,52.45,0
1,24,1,0,4,0,7,1,1,3,9,51.39,0
2,26,1,0,1,0,2,1,1,4,11,27.25,1
1,21,1,1,2,0,1,0,1,2,10,54.11,1
2,19,1,0,4,0,7,0,1,4,15,57.00,0
1,18,1,1,1,0,1,1,1,5,21,38.33,1
1,24,1,0,4,0,1,0,0,2,8,53.33,1
1,20,1,0,4,0,1,0,0,3,10,79.00,1
2,20,1,0,4,0,7,0,1,2,8,63.50,0
2,22,1,1,4,0,6,0,0,3,17,69.19,0
2,19,1,0,4,0,7,1,1,5,21,46.89,0
2,30,1,1,2,0,1,0,1,2,18,37.80,1
1,19,1,0,3,0,5,0,0,3,13,40.58,1
2,51,1,0,4,0,7,1,1,2,0,82.82,0
2,22,1,0,4,0,7,0,1,1,12,69.00,0
2,18,1,0,4,0,1,0,0,6,19,46.36,1
1,19,1,0,3,0,4,1,1,6,19,38.73,0
2,118,1,0,1,0,2,1,1,1,10,0.00,1
1,22,1,0,3,0,4,1,1,7,22,84.02,0
1,21,1,0,4,0,7,0,1,5,28,74.19,0
1,28,1,1,1,0,1,1,1,1,3,0.00,1
2,21,1,0,4,0,7,1,1,5,23,48.36,0
1,18,1,0,4,0,7,1,1,6,19,48.55,0
1,47,1,1,2,0,1,0,1,1,6,79.31,0
2,25,1,0,3,0,5,0,0,3,24,70.60,1
2,22,1,1,1,0,1,1,1,7,22,80.58,0
2,21,1,1,2,0,1,0,1,3,10,56.50,1
2,24,1,0,3,0,4,1,1,4,15,55.00,0
1,22,1,0,1,0,2,1,1,1,4,39.93,1
1,21,1,0,4,0,1,0,0,8,19,75.60,1
1,118,1,0,4,0,7,0,1,1,80,0.00,0
2,24,1,0,4,0,7,1,1,3,13,24.86,0
1,24,1,1,4,0,6,0,0,4,27,54.30,0
2,118,1,1,2,0,1,0,1,1,0,0.00,1
1,118,1,1,1,0,1,1,1,1,3,0.00,1
2,25,1,0,4,0,7,1,1,1,5,77.04,0
2,20,1,0,4,0,7,0,1,1,4,60.15,0
1,23,1,0,3,0,4,1,1,4,25,79.17,0
2,22,1,0,3,0,4,1,1,5,17,62.57,0
2,24,1,0,4,0,1,0,0,3,12,67.17,1
2,19,1,0,4,0,1,0,0,5,27,75.74,1
1,18,1,0,4,0,7,1,1,5,21,43.56,0
2,28,1,0,4,0,7,1,1,1,0,0.00,0
2,30,1,0,4,0,1,0,0,1,5,78.65,1
1,22,1,0,4,0,7,0,1,2,13,63.51,0
2,25,1,0,4,0,7,1,1,4,17,59.04,0
1,28,1,0,3,0,5,0,0,2,16,65.76,1
2,25,1,0,3,0,4,1,1,3,9,68.12,0
1,30,1,0,4,0,7,1,1,5,26,84.95,0
1,42,1,0,4,0,7,1,1,2,9,63.67,0
2,18,1,1,1,0,1,1,1,6,19,46.27,1
2,24,1,0,4,0,7,1,1,2,16,79.17,0
2,22,1,0,3,0,4,1,1,4,15,41.24,0
2,21,1,0,4,0,1,0,0,2,8,42.81,1
2,25,1,0,1,0,2,1,1,3,24,68.59,1
1,21,1,0,4,0,7,1,1,2,10,56.45,0
2,32,1,0,1,0,2,1,1,3,37,75.00,1
1,20,1,0,4,0,7,1,1,6,19,55.56,0
2,26,1,1,1,0,1,1,1,4,16,58.05,1
1,23,1,0,3,0,5,0,0,5,17,74.22,1
1,31,1,0,3,0,4,1,1,6,24,96.10,0
2,19,1,0,3,0,4,1,1,4,19,50.56,0
1,21,1,0,4,0,7,1,1,4,27,73.33,0
2,23,1,1,2,0,3,0,0,5,26,87.46,0
1,20,1,1,2,0,1,0,1,6,19,49.50,1
1,19,1,0,3,0,4,1,1,5,21,30.50,0
2,22,1,0,3,0,5,0,0,6,10,68.29,1
2,118,1,1,2,0,3,0,0,1,10,0.00,0
1,19,1,1,2,0,3,0,0,3,24,67.87,0
2,20,1,1,2,0,3,0,0,2,9,53.35,0
1,20,1,1,1,0,1,1,1,4,15,51.05,1
1,20,1,0,4,0,1,0,0,3,21,69.08,1
2,21,1,0,3,0,5,0,0,2,8,46.05,1
1,24,1,0,3,0,5,0,0,6,14,60.65,1
2,22,1,0,4,0,7,0,1,3,10,63.53,0
1,22,1,0,4,0,7,0,1,1,12,59.75,0
1,118,1,0,3,0,5,0,0,1,10,0.00,1
1,22,1,0,3,0,5,0,0,2,25,70.68,1
1,32,1,0,1,0,2,1,1,2,7,56.67,1
1,24,1,0,3,0,4,1,1,3,24,73.21,0
1,29,1,1,4,0,6,0,0,8,20,65.83,0
1,18,1,1,2,0,3,0,0,3,10,31.43,0
2,23,1,0,1,0,2,1,1,2,16,69.85,1
1,45,1,0,3,0,5,0,0,4,16,80.75,0
2,22,1,0,1,0,2,1,1,5,23,71.81,1
2,24,1,1,1,0,1,1,1,1,1,78.82,1
2,23,1,0,1,0,2,1,1,1,0,84.89,0
2,22,1,0,4,0,1,0,0,2,13,73.08,1
1,23,1,0,1,0,2,1,1,8,19,71.09,1
2,22,1,0,3,0,4,1,1,4,15,60.67,0
1,19,1,1,2,0,3,0,0,3,12,62.27,0
2,23,1,1,2,0,3,0,0,5,21,46.48,0
2,23,1,0,3,0,4,1,1,5,14,74.66,0
2,19,1,0,3,0,4,1,1,3,15,59.17,0
1,26,1,1,2,0,3,0,0,2,8,86.17,0
1,21,1,0,3,0,4,1,1,2,11,50.71,0
1,23,1,0,4,0,7,1,1,2,16,75.09,0
2,22,1,0,3,0,5,0,0,3,12,57.00,1
2,20,1,0,4,0,7,1,1,2,12,51.47,0
2,25,1,0,3,0,5,0,0,2,11,63.21,1
1,19,1,0,1,0,2,1,1,3,12,52.45,1
1,21,1,1,2,0,3,0,0,5,16,67.63,0
2,21,1,1,2,0,3,0,0,5,28,72.92,0
2,19,1,0,4,0,7,0,1,2,8,54.69,0
2,23,1,1,4,0,6,0,0,1,12,65.96,0
2,21,1,0,4,0,1,0,0,3,24,73.35,1
1,18,1,1,4,0,6,0,0,6,19,52.67,0
1,20,1,1,1,0,1,1,1,3,24,68.42,1
1,19,1,1,1,0,1,1,1,2,12,63.91,1
2,20,1,0,1,0,2,1,1,4,27,75.42,1
2,118,1,0,4,0,7,1,1,1,5,0.00,0
2,38,2,0,3,0,4,1,1,1,NULL,0.00,0
2,19,1,0,3,0,4,1,1,1,4,61.80,0
1,118,1,0,4,0,7,0,1,1,0,0.00,0
2,118,1,0,4,0,7,0,1,1,5,0.00,0
2,23,1,1,4,0,6,0,0,4,16,71.53,0
1,26,1,0,3,0,4,1,1,2,21,73.76,0
2,118,1,0,3,0,4,1,1,1,15,0.00,0
1,22,1,1,4,0,6,0,0,7,20,59.88,0
2,118,1,0,4,0,7,0,1,1,0,0.00,0
1,21,1,1,4,0,6,0,0,3,24,54.40,0
1,19,1,0,4,0,7,0,1,5,21,44.89,0
2,20,1,0,3,0,5,0,0,4,15,53.84,1
2,20,1,0,4,0,1,0,0,1,4,58.25,1
2,118,1,0,4,0,7,0,1,1,80,0.00,0
1,27,1,0,4,0,7,1,1,1,5,75.29,0
1,23,1,0,4,0,7,0,1,4,27,68.85,0
2,22,1,0,4,0,7,0,1,3,10,57.81,0
1,35,1,1,1,0,1,1,1,4,16,78.88,1
2,25,1,1,4,0,6,0,0,5,26,79.75,0
2,22,1,0,4,0,7,1,1,8,31,59.55,0
2,20,1,0,3,0,5,0,0,4,16,66.29,1
2,24,1,0,3,0,5,0,0,1,80,72.26,1
1,19,1,0,3,0,4,1,1,5,23,62.20,0
2,24,1,0,4,0,7,0,1,2,16,74.72,0
1,22,1,1,4,0,6,0,0,7,22,85.78,0
2,26,1,0,3,0,4,1,1,4,15,66.06,0
1,23,1,1,2,0,3,0,0,8,19,66.56,0
2,20,1,0,3,0,5,0,0,4,17,48.45,1
2,18,1,0,3,0,4,1,1,3,13,38.00,0
1,20,1,1,1,0,1,1,1,2,7,79.20,0
1,39,1,0,4,0,7,1,1,1,0,65.44,0
1,22,1,1,1,0,1,1,1,4,27,66.07,1
2,20,1,1,1,0,1,1,1,5,23,58.67,1
1,21,1,0,1,0,2,1,1,2,8,64.60,1
1,20,1,0,1,0,2,1,1,4,15,77.65,1
2,24,1,0,1,0,2,1,1,3,24,69.69,1
2,25,1,0,4,0,7,0,1,1,16,71.02,0
2,22,1,0,4,0,7,1,1,8,20,65.47,0
2,21,1,1,4,0,6,0,0,3,14,61.67,0
2,22,1,1,2,0,3,0,0,5,28,67.54,0
1,19,1,1,2,0,3,0,0,3,12,57.09,0
1,32,1,0,3,0,4,1,1,5,26,71.02,0
1,118,1,1,2,0,3,0,0,2,0,0.00,0
2,23,1,0,4,0,1,0,0,5,23,74.55,1
1,29,1,0,4,0,7,0,1,2,16,39.46,0
1,18,1,1,4,0,6,0,0,5,21,49.78,0
1,28,1,0,3,0,4,1,1,1,0,44.29,0
1,18,1,1,4,0,6,0,0,6,19,50.91,0
2,22,1,1,2,0,1,0,1,2,8,36.82,1
1,35,1,1,4,0,6,0,0,1,NULL,0.00,0
2,118,1,0,3,0,5,0,0,1,0,0.00,1
1,40,1,0,3,0,5,0,0,4,16,48.13,1
2,21,1,1,1,0,1,1,1,1,5,70.50,1
1,24,1,0,3,0,5,0,0,5,16,80.49,0
1,23,1,0,3,0,5,0,0,1,6,65.57,1
2,23,1,1,2,0,1,0,1,3,29,52.52,1
2,32,1,0,1,0,2,1,1,6,24,77.31,1
1,23,1,0,4,0,7,0,1,5,26,79.62,0
1,19,1,0,4,0,7,0,1,6,19,47.73,0
2,25,1,1,1,0,1,1,1,7,18,70.74,1
1,118,1,0,4,0,7,0,1,1,30,0.00,0
1,33,1,0,4,0,7,1,1,2,8,72.56,0
2,34,1,0,4,0,1,0,0,1,0,0.00,1
1,18,1,0,4,0,1,0,0,6,19,43.22,1
2,21,1,0,4,0,7,1,1,2,18,58.70,0
1,26,1,0,1,0,2,1,1,2,16,80.09,0
1,24,1,0,3,0,4,1,1,1,16,84.62,0
1,118,1,0,3,0,5,0,0,5,6,0.00,1
2,22,1,0,4,0,7,1,1,7,22,84.38,0
1,24,1,0,4,0,7,0,1,3,2,64.97,0
1,21,1,0,3,0,5,0,0,4,15,57.52,1
2,21,1,0,4,0,7,0,1,4,15,53.89,0
1,118,1,0,4,0,1,0,0,1,3,0.00,1
1,24,1,0,4,0,7,0,1,8,30,76.37,0
2,21,1,0,4,0,7,0,1,5,28,71.97,0
2,20,1,0,4,0,1,0,0,3,11,45.17,1
2,23,1,0,4,0,7,1,1,1,10,74.26,0
1,118,1,0,4,0,7,0,1,1,0,0.00,0
2,19,1,0,3,0,5,0,0,3,13,60.39,1
2,19,1,0,3,0,5,0,0,4,16,52.39,1
2,36,1,0,3,0,4,1,1,1,0,0.00,0
1,19,1,0,4,0,1,0,0,5,21,52.29,1
1,20,1,1,2,0,3,0,0,6,19,49.33,0
1,20,1,1,4,0,6,0,0,3,24,69.76,0
1,36,1,1,4,0,6,0,0,1,30,70.43,0
1,23,1,0,3,0,4,1,1,7,18,70.04,0
2,21,1,1,4,0,6,0,0,3,17,70.61,0
1,20,1,1,2,0,1,0,1,3,12,64.55,1
1,22,1,1,2,0,3,0,0,3,29,56.35,0
1,20,1,1,2,0,1,0,1,3,12,59.69,1
2,19,1,1,1,0,1,1,1,2,9,50.50,1
1,21,1,0,1,0,2,1,1,3,10,54.46,1
2,25,1,1,2,0,3,0,0,8,19,71.74,0
2,21,1,1,2,0,1,0,1,2,18,70.40,1
2,20,1,0,3,0,4,1,1,4,13,36.08,0
1,21,1,1,1,0,1,1,1,6,20,77.20,1
1,18,1,0,3,0,5,0,0,6,19,29.89,1
2,22,1,0,3,0,5,0,0,1,4,74.21,1
2,38,1,0,4,0,1,0,0,5,28,71.42,1
2,21,1,0,4,0,1,0,0,1,9,69.89,1
2,27,1,1,1,0,1,1,1,4,12,37.90,1
2,18,1,0,3,0,5,0,0,5,21,44.44,1
1,20,1,0,4,0,1,0,0,4,15,50.69,1
1,19,1,1,1,0,1,1,1,6,19,46.91,1
2,24,1,0,1,0,2,1,1,3,21,74.00,1
2,22,1,0,1,0,2,1,1,6,31,60.51,1
2,26,1,1,4,0,6,0,0,2,21,81.94,0
1,23,1,1,2,0,3,0,0,5,26,81.09,0
2,23,1,1,4,0,6,0,0,5,23,69.87,0
1,26,1,0,3,0,4,1,1,1,5,47.13,0
2,22,1,1,1,0,1,1,1,3,12,43.90,1
2,19,1,0,4,0,7,0,1,3,9,40.83,0
2,23,1,0,3,0,4,1,1,5,21,43.00,0
1,19,1,0,4,0,7,1,1,4,16,62.35,0
1,23,1,1,2,0,3,0,0,3,24,75.91,0
2,25,1,1,1,0,1,1,1,1,4,46.50,1
1,27,1,0,4,0,7,0,1,2,15,68.63,0
1,22,1,0,4,0,1,0,0,4,27,67.13,1
2,23,1,1,2,0,1,0,1,5,23,70.50,1
2,118,1,0,3,0,4,1,1,2,25,0.00,0
1,21,1,1,4,0,6,0,0,3,12,49.62,0
1,20,1,0,3,0,5,0,0,4,15,56.68,1
2,21,1,1,2,0,3,0,0,4,15,57.04,0
1,18,1,0,1,0,2,1,1,6,19,51.27,1
2,20,1,0,3,0,5,0,0,6,19,53.82,1
2,19,1,0,3,0,4,1,1,4,15,48.14,0
1,18,1,0,4,0,1,0,0,6,19,48.56,1
2,24,1,0,1,0,2,1,1,5,26,83.60,0
2,19,1,0,1,0,2,1,1,6,19,69.57,1
1,24,1,1,1,0,1,1,1,1,4,55.11,1
2,25,1,1,1,0,1,1,1,2,21,80.72,0
2,25,1,1,4,0,6,0,0,5,23,69.50,0
2,19,1,1,2,0,3,0,0,3,17,52.47,0
1,22,1,1,4,0,6,0,0,6,20,71.13,0
2,20,1,0,4,0,7,0,1,5,27,53.79,0
2,21,1,0,1,0,2,1,1,2,19,70.42,1
1,24,1,1,2,0,3,0,0,3,14,57.24,0
1,20,1,1,4,0,6,0,0,6,18,68.11,0
1,21,1,0,1,0,2,1,1,3,24,57.03,1
2,21,1,0,1,0,2,1,1,3,24,70.30,1
1,36,1,1,1,0,1,1,1,1,NULL,52.89,1
2,25,1,1,2,0,1,0,1,8,30,72.49,1
1,23,1,0,4,0,7,1,1,5,28,64.03,0
2,21,1,0,3,0,5,0,0,5,27,65.83,1
2,27,1,0,4,0,7,0,1,1,0,81.33,0
1,30,1,1,4,0,6,0,0,4,16,79.98,0
2,20,1,1,2,0,1,0,1,6,19,71.50,1
1,19,1,0,4,0,1,0,0,4,15,65.17,1
2,118,1,1,2,0,3,0,0,1,3,0.00,0
1,20,1,1,4,0,6,0,0,4,27,73.42,0
2,19,1,1,2,0,1,0,1,5,21,44.25,1
1,118,1,0,3,0,5,0,0,1,5,0.00,1
1,28,1,1,2,0,1,0,1,3,29,52.84,1
1,21,1,1,4,0,6,0,0,3,24,68.87,0
1,21,1,1,2,0,3,0,0,4,17,57.68,0
1,26,1,1,2,0,3,0,0,5,23,43.91,0
1,21,1,0,4,0,7,0,1,7,16,75.06,0
2,18,1,0,3,0,5,0,0,6,19,50.45,1
1,19,1,0,3,0,4,1,1,3,11,55.25,0
1,24,1,0,3,0,5,0,0,2,16,66.12,1
2,24,1,0,4,0,7,0,1,1,10,58.88,0
2,21,1,1,1,0,1,1,1,4,16,44.66,1
2,18,1,1,4,0,6,0,0,6,19,29.60,0
2,34,2,0,4,0,7,0,1,3,12,49.00,0
2,23,1,1,2,0,3,0,0,5,28,71.68,0
2,19,1,1,4,0,6,0,0,3,17,73.36,0
1,22,1,0,4,0,1,0,0,7,18,69.11,1
1,18,1,0,4,0,1,0,0,5,19,35.45,1
2,27,1,0,4,0,7,0,1,1,8,59.85,0
1,22,1,0,3,0,4,1,1,7,22,89.65,0
2,19,1,0,3,0,4,1,1,6,19,49.91,0
1,21,1,1,2,0,3,0,0,5,28,75.75,0
1,18,1,0,4,0,7,0,1,4,13,26.89,0
1,25,1,1,1,0,1,1,1,3,29,35.52,1
1,19,1,0,4,0,7,0,1,1,5,49.00,0
1,21,1,0,3,0,5,0,0,1,5,57.07,1
2,24,1,0,3,0,5,0,0,1,16,82.53,0
1,21,1,0,3,0,5,0,0,4,16,57.76,1
2,19,1,0,4,0,1,0,0,6,19,46.00,1
2,25,1,1,1,0,1,1,1,3,29,66.49,1
2,23,1,1,1,0,1,1,1,8,19,66.80,1
2,21,1,0,4,0,1,0,0,5,27,65.04,1
2,24,1,0,4,0,7,1,1,3,7,70.07,0
1,42,1,0,4,0,7,0,1,3,16,62.82,0
2,20,1,0,4,0,1,0,0,4,17,53.00,1
2,23,1,1,2,0,3,0,0,5,18,48.59,0
2,19,1,1,2,0,1,0,1,6,19,52.50,1
2,28,1,1,2,0,3,0,0,2,6,83.00,0
1,22,1,0,1,0,2,1,1,5,26,90.12,0
1,19,1,1,1,0,1,1,1,4,16,67.18,1
2,118,1,0,3,0,4,1,1,2,0,0.00,0
2,20,1,0,4,0,7,1,1,5,23,64.29,0
2,23,1,1,4,0,6,0,0,3,10,54.59,0
2,25,1,0,4,0,1,0,0,1,16,78.86,1
1,19,1,1,1,0,1,1,1,4,15,70.88,1
1,19,1,1,2,0,1,0,1,7,25,42.53,1
2,24,1,0,1,0,2,1,1,3,24,74.13,1
1,18,1,0,1,0,2,1,1,5,21,48.78,1
2,21,1,1,2,0,3,0,0,4,16,46.83,0
1,20,1,1,2,0,1,0,1,3,11,64.08,1
1,32,1,1,2,0,3,0,0,1,NULL,0.00,0
1,21,1,0,1,0,2,1,1,1,9,67.81,1
2,18,1,1,1,0,1,1,1,3,10,46.20,1
2,25,1,0,3,0,5,0,0,5,21,0.00,1
1,31,1,0,1,0,2,1,1,1,3,77.67,1
2,25,1,1,1,0,1,1,1,1,16,82.00,0
2,25,1,0,1,0,2,1,1,2,9,50.29,1
1,18,1,0,4,0,7,0,1,6,19,53.89,0
2,22,1,1,2,0,1,0,1,5,23,71.42,1
2,47,1,0,4,0,7,0,1,3,23,69.93,0
2,118,1,0,4,0,7,0,1,1,5,0.00,0
2,18,1,1,2,0,3,0,0,6,19,56.56,0
2,20,1,0,4,0,7,0,1,3,14,58.69,0
2,19,1,1,2,0,1,0,1,6,19,51.18,1
2,21,1,1,1,0,1,1,1,3,13,29.55,1
2,21,1,0,4,0,7,1,1,4,27,59.15,0
2,21,1,1,1,0,1,1,1,3,10,40.71,1
2,20,1,1,2,0,1,0,1,4,16,88.38,0
1,18,1,1,2,0,3,0,0,5,21,46.71,0
2,30,1,1,2,0,3,0,0,1,16,77.28,0
1,20,1,0,4,0,7,1,1,2,15,69.22,0
2,21,1,0,4,0,1,0,0,4,25,63.33,1
1,26,1,0,4,0,1,0,0,1,5,81.43,0
1,118,1,1,1,0,1,1,1,1,0,0.00,1
1,23,1,1,2,0,1,0,1,5,13,63.33,1
1,22,1,0,4,0,7,0,1,4,17,55.72,0
2,19,1,0,4,0,7,1,1,3,9,71.00,0
2,21,1,1,2,0,3,0,0,3,17,67.67,0
2,19,1,1,2,0,1,0,1,5,17,71.90,1
1,22,1,1,4,0,6,0,0,4,14,51.21,0
1,23,1,0,1,0,2,1,1,5,13,75.19,1
1,20,1,0,3,0,4,1,1,3,10,63.63,0
1,24,1,0,1,0,2,1,1,4,17,37.50,1
1,21,1,1,2,0,3,0,0,4,16,60.10,0
1,21,1,0,1,0,2,1,1,4,27,70.34,1
2,27,1,0,3,0,4,1,1,1,0,89.57,0
2,22,1,1,2,0,1,0,1,4,13,55.74,1
1,18,1,1,2,0,1,0,1,6,19,51.82,1
2,28,1,0,4,0,1,0,0,3,29,59.59,1
1,22,1,0,3,0,4,1,1,5,26,87.51,0
2,19,1,0,4,0,7,0,1,5,21,48.33,0
1,31,1,0,4,0,7,0,1,5,16,62.00,0
2,23,1,0,3,0,5,0,0,2,10,57.48,1
2,21,1,0,4,0,7,0,1,4,27,69.77,0
1,19,1,1,1,0,1,1,1,2,16,68.55,1
1,26,1,1,2,0,3,0,0,4,16,79.67,0
1,28,1,1,1,0,1,1,1,1,3,81.66,0
1,20,1,0,4,0,1,0,0,5,23,59.88,1
2,20,1,1,4,0,6,0,0,8,31,26.15,0
2,23,1,1,2,0,3,0,0,1,6,58.65,0
2,20,1,0,4,0,7,0,1,4,15,59.00,0
1,19,1,0,4,0,7,0,1,5,21,49.13,0
2,19,1,1,2,0,3,0,0,6,19,50.64,0
1,21,1,1,2,0,1,0,1,1,9,67.31,1
1,21,1,0,1,0,2,1,1,7,20,56.66,1
2,22,1,0,3,0,5,0,0,2,12,60.43,1
1,20,1,0,4,0,7,0,1,3,14,60.04,0
1,17,1,0,3,0,4,1,1,6,19,63.88,0
2,19,1,1,1,0,1,1,1,6,19,47.82,1
2,37,1,0,4,0,7,0,1,4,16,71.27,0
2,21,1,0,1,0,2,1,1,4,27,66.00,1
2,17,1,0,3,0,5,0,0,5,21,33.75,1
2,21,1,0,4,0,1,0,0,3,12,63.20,1
1,23,1,1,4,0,6,0,0,4,9,66.93,0
2,118,1,1,1,0,1,1,1,1,0,0.00,1
1,21,1,0,4,0,7,0,1,3,24,58.07,0
2,19,1,0,4,0,1,0,0,1,4,42.20,1
1,22,1,1,2,0,1,0,1,8,19,75.45,1
2,21,1,1,4,0,6,0,0,7,20,62.47,0
1,29,1,1,1,0,1,1,1,2,16,80.32,0
1,24,1,0,3,0,5,0,0,2,15,60.04,1
2,118,1,1,2,0,1,0,1,1,5,0.00,1
1,22,1,1,2,0,1,0,1,5,18,50.20,1
2,22,1,0,1,0,2,1,1,4,17,56.29,1
2,118,1,0,4,0,7,0,1,1,15,0.00,0
1,118,1,0,4,0,7,1,1,1,5,0.00,0
2,118,1,0,1,0,2,1,1,1,0,0.00,1
1,20,1,1,1,0,1,1,1,3,13,55.07,1
2,19,1,0,4,0,1,0,0,3,9,58.94,1
1,19,1,0,3,0,5,0,0,4,15,59.42,1
1,20,1,1,1,0,1,1,1,4,16,67.00,1
2,26,1,0,3,0,5,0,0,2,16,61.96,1
2,25,1,0,4,0,7,0,1,3,24,71.84,0
2,18,1,0,4,0,7,0,1,6,19,48.73,0
2,31,1,0,1,0,2,1,1,2,0,84.67,0
1,26,1,1,2,0,3,0,0,8,30,69.12,0
2,19,1,1,2,0,1,0,1,5,27,74.42,1
2,23,1,1,2,0,3,0,0,5,23,49.79,0
2,23,1,1,1,0,1,1,1,2,15,60.40,1
2,22,1,1,1,0,1,1,1,3,23,64.56,1
1,27,1,0,4,0,7,1,1,1,16,12.75,0
1,19,1,1,2,0,1,0,1,5,21,54.14,1
2,24,1,0,1,0,2,1,1,1,5,82.57,0
2,19,1,0,3,0,4,1,1,4,16,56.94,0
1,20,1,1,1,0,1,1,1,4,16,62.18,1
2,24,1,0,3,0,4,1,1,5,16,76.87,0
1,23,1,1,2,0,3,0,0,5,26,80.57,0
1,19,1,0,3,0,4,1,1,4,16,62.88,0
1,26,1,0,4,0,7,1,1,3,29,47.02,0
2,118,1,1,2,0,3,0,0,1,0,0.00,0
1,25,1,1,4,0,6,0,0,8,30,72.18,0
2,21,1,0,4,0,7,1,1,7,17,71.76,0
1,19,1,0,4,0,7,0,1,5,17,38.10,0
2,21,1,0,3,0,5,0,0,5,4,71.86,1
1,20,1,0,3,0,4,1,1,3,11,60.13,0
2,22,1,0,1,0,2,1,1,4,27,64.85,1
2,19,1,0,4,0,7,1,1,4,15,48.43,0
2,20,1,0,4,0,7,0,1,3,12,54.55,0
2,24,1,1,2,0,3,0,0,5,16,75.92,0
2,39,1,0,3,0,4,1,1,1,5,0.00,0
1,21,1,1,4,0,6,0,0,4,15,63.38,0
2,22,1,1,2,0,1,0,1,10,36,0.00,1
2,22,1,0,1,0,2,1,1,5,12,65.73,1
2,21,1,0,4,0,7,0,1,3,12,61.83,0
1,22,1,0,3,0,4,1,1,4,23,47.16,0
2,24,1,0,4,0,1,0,0,1,1,76.02,1
2,20,1,0,4,0,1,0,0,3,9,59.50,1
2,19,1,1,4,0,6,0,0,6,19,51.27,0
1,23,1,0,4,0,7,1,1,5,23,87.31,0
2,24,1,0,1,0,2,1,1,2,16,72.70,1
2,31,1,0,4,0,7,1,1,4,16,79.33,0
1,23,1,0,3,0,4,1,1,7,20,63.78,0
1,19,1,0,4,0,7,1,1,4,15,51.20,0
2,118,1,0,3,0,5,0,0,1,5,0.00,1
1,25,1,0,4,0,7,0,1,7,22,85.53,0
1,29,1,0,4,0,7,0,1,4,27,60.77,0
1,21,1,1,4,0,6,0,0,3,12,61.14,0
2,18,1,1,2,0,1,0,1,5,21,45.89,1
2,20,1,0,3,0,4,1,1,1,6,57.29,0
2,27,1,0,4,0,7,1,1,1,5,73.96,0
1,25,1,0,4,0,7,1,1,4,27,52.04,0
1,20,1,0,3,0,4,1,1,4,16,64.76,0
2,23,1,0,1,0,2,1,1,5,23,69.60,1
1,20,1,0,3,0,4,1,1,2,10,60.35,0
2,23,1,1,1,0,1,1,1,4,27,65.88,1
2,21,1,0,4,0,7,1,1,2,10,57.75,0
1,20,1,0,4,0,7,0,1,3,24,66.07,0
2,29,1,1,4,0,6,0,0,3,24,79.21,0
2,21,1,1,2,0,1,0,1,5,27,65.90,1
1,20,1,0,4,0,7,0,1,5,23,59.60,0
1,118,1,0,4,0,7,0,1,1,0,0.00,0
1,21,1,1,1,0,1,1,1,2,8,62.96,1
1,23,1,0,4,0,7,1,1,2,12,44.12,0
1,20,1,0,1,0,2,1,1,4,15,58.17,1
1,22,1,0,1,0,2,1,1,4,15,62.07,1
1,18,1,0,1,0,2,1,1,4,11,64.75,1
1,19,1,0,4,0,7,0,1,4,18,68.91,0
2,27,1,1,2,0,3,0,0,1,16,78.00,0
2,37,1,1,2,0,3,0,0,4,16,49.00,0
2,25,1,1,4,0,6,0,0,2,16,69.67,0
2,22,1,0,1,0,2,1,1,1,5,68.73,1
1,27,1,0,3,0,4,1,1,5,28,54.81,0
1,26,1,0,3,0,5,0,0,2,16,62.27,1
2,23,1,0,4,0,7,0,1,4,15,70.41,0
1,24,1,0,3,0,5,0,0,7,17,62.98,1
1,28,1,1,2,0,3,0,0,7,22,68.76,0
1,20,1,0,3,0,5,0,0,4,16,46.83,1
1,118,1,0,4,0,7,0,1,1,3,0.00,0
1,20,1,0,1,0,2,1,1,3,16,74.78,1
2,27,1,1,2,0,3,0,0,2,21,73.44,0
2,19,1,1,1,0,1,1,1,4,17,62.94,1
2,118,1,0,3,0,5,0,0,1,15,0.00,1
2,118,1,1,2,0,1,0,1,1,80,0.00,1
2,21,1,1,1,0,1,1,1,4,27,68.80,1
2,25,1,1,4,0,6,0,0,4,16,73.26,0
2,36,1,0,4,0,1,0,0,6,19,1.88,1
2,24,1,0,3,0,4,1,1,5,26,83.73,0
1,19,1,0,1,0,2,1,1,5,17,0.00,1
2,24,1,0,4,0,1,0,0,5,19,55.81,1
2,20,1,0,4,0,1,0,0,3,14,55.23,1
2,22,1,1,4,0,6,0,0,2,10,49.70,0
2,24,1,0,4,0,1,0,0,5,23,73.86,1
1,23,1,1,2,0,3,0,0,7,18,72.19,0
1,118,1,1,2,0,3,0,0,1,15,0.00,0
2,22,1,0,3,0,4,1,1,6,19,19.17,0
1,19,1,0,4,0,1,0,0,4,17,39.00,1
1,21,1,0,1,0,2,1,1,2,7,66.16,1
1,21,1,1,2,0,1,0,1,5,16,60.69,1
2,23,1,1,1,0,1,1,1,6,20,67.98,1
1,21,1,0,1,0,2,1,1,3,17,72.11,1
2,22,1,0,4,0,7,1,1,5,27,59.33,0
2,25,1,0,4,0,7,1,1,5,28,50.68,0
2,32,1,0,4,0,7,1,1,1,NULL,0.00,0
2,118,1,0,3,0,5,0,0,1,0,0.00,1
2,23,1,0,1,0,2,1,1,5,16,57.78,1
2,22,1,0,4,0,1,0,0,4,27,64.67,1
2,20,1,0,3,0,5,0,0,1,6,65.38,1
2,25,1,0,3,0,4,1,1,2,16,64.31,0
2,21,1,0,4,0,1,0,0,5,4,68.49,1
2,23,1,0,3,0,5,0,0,4,27,63.04,1
1,21,1,1,1,0,1,1,1,2,8,66.22,1
1,22,1,0,4,0,7,1,1,5,28,70.59,0
2,22,1,0,1,0,2,1,1,4,24,52.86,1
1,118,1,0,1,0,2,1,1,1,0,0.00,1
1,24,1,0,3,0,4,1,1,5,28,63.81,0
1,20,1,1,4,0,6,0,0,6,19,51.00,0
2,23,1,0,1,0,2,1,1,1,10,85.36,0
1,26,1,0,4,0,7,1,1,2,21,72.81,0
2,22,1,0,1,0,2,1,1,4,15,68.20,1
2,22,1,1,2,0,3,0,0,4,12,59.08,0
2,28,1,0,4,0,1,0,0,1,0,80.37,0
1,20,1,0,3,0,5,0,0,1,12,66.52,1
2,27,1,0,3,0,4,1,1,1,16,78.30,0
2,23,1,1,1,0,1,1,1,6,16,64.09,1
2,20,1,0,4,0,1,0,0,9,36,22.33,1
2,22,1,1,1,0,1,1,1,1,5,66.97,1
1,19,1,0,3,0,5,0,0,3,11,56.50,1
2,33,1,0,3,0,5,0,0,5,28,72.67,1
1,24,1,0,1,0,2,1,1,1,16,76.30,1
2,19,1,1,2,0,3,0,0,3,13,62.57,0
2,20,1,1,2,0,1,0,1,3,24,71.32,1
2,20,1,0,4,0,7,0,1,7,14,71.76,0
2,19,1,1,2,0,3,0,0,6,19,44.91,0
1,118,1,0,4,0,7,1,1,1,5,0.00,0
1,28,2,0,3,0,5,0,0,1,NULL,0.00,1
2,22,1,0,1,0,2,1,1,5,28,69.05,1
2,21,1,0,4,0,7,0,1,2,19,62.52,0
2,25,1,0,4,0,1,0,0,2,21,75.00,1
2,19,1,0,3,0,4,1,1,5,17,41.20,0
1,22,1,1,2,0,3,0,0,3,24,75.17,0
1,20,1,0,4,0,7,0,1,4,13,67.53,0
1,25,1,0,3,0,4,1,1,25,143,41.33,0
1,20,1,0,3,0,4,1,1,3,12,45.93,0
1,118,1,0,4,0,7,0,1,1,3,0.00,0
2,24,1,0,4,0,1,0,0,3,24,58.08,1
1,20,1,0,1,0,2,1,1,4,27,75.50,1
2,25,1,0,4,0,1,0,0,5,23,70.95,1
2,23,1,1,2,0,1,0,1,2,16,77.20,1
1,20,1,1,1,0,1,1,1,5,19,55.15,1
2,21,1,0,1,0,2,1,1,3,13,56.50,1
1,21,1,0,1,0,2,1,1,4,16,55.00,1
2,21,1,1,2,0,1,0,1,4,14,65.59,1
2,24,1,0,3,0,5,0,0,1,1,87.91,0
1,22,1,1,4,0,6,0,0,6,19,49.55,0
1,19,1,1,2,0,3,0,0,6,19,55.63,0
2,118,1,1,2,0,1,0,1,2,21,0.00,1
2,18,1,0,3,0,5,0,0,5,17,46.30,1
2,24,1,1,1,0,1,1,1,4,16,48.50,1
2,24,1,1,4,0,6,0,0,3,24,81.09,0
2,118,1,0,4,0,1,0,0,5,21,43.89,1
1,18,1,0,4,0,7,0,1,6,19,45.73,0
2,18,1,1,4,0,6,0,0,6,19,31.17,0
1,23,1,1,2,0,1,0,1,3,24,72.00,1
2,21,1,1,1,0,1,1,1,1,4,54.08,1
2,24,1,0,4,0,1,0,0,3,24,74.47,1
2,25,1,1,1,0,1,1,1,1,16,77.92,1
2,23,1,1,2,0,1,0,1,5,28,76.08,1
2,23,1,1,1,0,1,1,1,3,24,79.04,0
1,18,1,0,1,0,2,1,1,6,19,50.09,1
1,23,1,0,3,0,4,1,1,5,12,52.58,0
2,21,1,0,4,0,7,0,1,3,13,56.21,0
1,25,1,1,2,0,1,0,1,3,24,70.64,1
1,22,1,0,3,0,5,0,0,5,15,63.12,1
2,29,1,0,3,0,5,0,0,1,5,73.55,1
1,24,1,0,4,0,1,0,0,2,16,75.12,1
2,22,1,0,4,0,7,0,1,8,20,71.83,0
2,22,1,0,4,0,7,1,1,1,5,66.47,0
2,19,1,0,3,0,5,0,0,5,27,71.68,1
2,20,1,1,2,0,3,0,0,6,19,52.36,0
1,118,1,0,1,0,2,1,1,1,0,0.00,1
1,22,1,1,2,0,1,0,1,2,19,62.33,1
1,24,1,0,4,0,7,0,1,2,16,81.40,0
2,22,1,1,1,0,1,1,1,3,24,62.69,1
2,20,1,0,4,0,7,1,1,5,19,54.08,0
2,23,1,0,4,0,1,0,0,5,13,72.76,1
1,18,1,0,4,0,1,0,0,4,12,50.94,1
1,28,1,1,1,0,1,1,1,8,30,77.85,1
2,18,1,0,4,0,7,1,1,5,21,42.89,0
2,23,1,0,3,0,4,1,1,5,26,83.26,0
2,19,1,0,4,0,7,1,1,4,17,75.13,0
2,23,1,0,4,0,1,0,0,2,11,66.50,1
2,18,1,0,3,0,4,1,1,6,19,51.50,0
2,18,1,1,2,0,3,0,0,4,11,36.63,0
2,20,1,1,2,0,1,0,1,6,20,60.63,1
2,26,1,0,4,0,7,1,1,2,21,80.04,0
1,22,1,0,3,0,4,1,1,7,22,84.54,0
2,21,1,1,1,0,1,1,1,2,17,64.55,1
1,20,1,1,4,0,6,0,0,5,23,78.00,0
1,118,1,0,4,0,7,1,1,1,3,0.00,0
1,27,1,1,2,0,1,0,1,1,16,76.56,1
2,29,1,0,3,0,4,1,1,1,0,83.83,0
2,20,1,0,4,0,7,0,1,1,4,62.17,0
2,20,1,0,3,0,5,0,0,2,9,58.27,1
2,18,1,0,1,0,2,1,1,6,19,49.78,1
1,27,1,0,4,0,7,0,1,1,5,77.42,0
1,21,1,0,1,0,2,1,1,4,14,65.52,1
2,26,1,0,1,0,2,1,1,1,16,71.21,1
2,23,1,0,3,0,5,0,0,2,25,71.89,1
1,19,1,0,3,0,4,1,1,4,16,60.88,0
2,20,1,1,1,0,1,1,1,3,12,53.45,1
2,21,1,1,2,0,3,0,0,1,6,59.76,0
1,19,1,1,2,0,3,0,0,1,4,57.09,0
1,21,1,0,4,0,7,1,1,1,4,56.67,0
2,23,1,0,1,0,2,1,1,2,16,75.50,1
1,23,1,1,2,0,1,0,1,5,16,79.15,0
1,20,1,0,1,0,2,1,1,5,23,62.75,1
1,118,1,0,1,0,2,1,1,1,5,0.00,1
1,27,1,1,2,0,3,0,0,2,0,86.24,0
2,24,1,0,3,0,5,0,0,3,24,75.15,1
2,20,1,0,3,0,5,0,0,6,19,61.00,1
1,23,1,1,1,0,1,1,1,3,24,74.90,1
2,31,1,0,4,0,7,1,1,6,26,37.78,0
1,18,1,1,2,0,1,0,1,6,19,54.78,1
1,22,1,0,3,0,4,1,1,7,18,68.47,0
2,21,1,0,4,0,1,0,0,6,14,69.74,1
2,22,1,0,3,0,5,0,0,6,19,62.47,1
2,118,1,0,1,0,2,1,1,4,16,73.50,1
1,24,1,1,4,0,6,0,0,2,10,50.27,0
2,24,1,0,3,0,5,0,0,3,24,67.69,1
2,118,1,1,1,0,1,1,1,1,15,0.00,1
2,21,1,0,4,0,1,0,0,5,28,86.71,0
2,21,1,0,4,0,7,0,1,4,27,75.54,0
2,23,1,0,3,0,5,0,0,1,4,69.52,1
2,25,1,1,2,0,1,0,1,2,21,79.80,0
2,118,1,1,2,0,3,0,0,1,0,0.00,0
2,19,1,0,4,0,7,1,1,3,12,43.92,0
1,21,1,0,1,0,2,1,1,3,29,70.81,1
2,19,1,1,2,0,1,0,1,3,13,46.50,1
1,26,1,0,3,0,5,0,0,6,7,43.75,1
2,22,1,1,4,0,6,0,0,5,26,89.20,0
2,21,1,1,4,0,6,0,0,4,12,60.21,0
2,24,1,1,2,0,3,0,0,6,15,54.71,0
2,25,1,1,2,0,1,0,1,1,5,76.67,1
1,24,1,0,3,0,5,0,0,5,28,49.54,1
1,28,1,0,4,0,7,0,1,2,16,71.46,0
2,24,1,0,4,0,7,0,1,2,21,78.65,0
1,118,1,0,1,0,2,1,1,1,0,0.00,1
1,22,1,0,4,0,1,0,0,6,17,62.08,1
1,19,1,0,3,0,5,0,0,6,19,41.67,1
2,118,1,0,3,0,5,0,0,1,0,0.00,1
1,118,1,1,2,0,3,0,0,1,15,0.00,0
1,18,1,0,1,0,2,1,1,5,21,46.75,1
2,25,1,0,3,0,5,0,0,3,24,71.69,1
2,18,1,1,4,0,6,0,0,5,21,49.67,0
2,24,1,0,1,0,2,1,1,1,16,77.80,1
2,21,1,0,4,0,1,0,0,2,9,53.80,1
2,24,1,0,4,0,7,0,1,2,16,77.17,0
2,18,1,1,2,0,3,0,0,6,19,44.82,0
2,37,2,1,4,0,6,0,0,3,29,27.09,0
2,19,1,0,4,0,7,0,1,2,9,55.73,0
2,48,1,1,1,0,1,1,1,4,16,78.83,1
1,23,1,0,3,0,4,1,1,1,10,83.18,0
1,23,1,1,4,0,6,0,0,3,24,80.17,0
2,19,1,1,2,0,1,0,1,5,27,74.11,1
2,25,1,0,4,0,1,0,0,2,21,73.85,1
2,27,1,1,1,0,1,1,1,2,3,80.64,0
2,22,1,1,1,0,1,1,1,2,19,66.72,1
2,22,1,0,4,0,7,0,1,2,13,68.16,0
2,21,1,1,2,0,3,0,0,7,16,71.13,0
2,19,1,1,4,0,6,0,0,5,27,77.26,0
1,50,2,0,4,0,1,0,0,1,NULL,0.00,1
2,21,1,0,3,0,4,1,1,1,6,56.08,0
1,20,1,0,3,0,5,0,0,1,4,51.93,1
1,25,1,0,3,0,4,1,1,4,27,59.50,0
2,21,1,0,4,0,1,0,0,4,14,61.48,1
2,27,1,1,1,0,1,1,1,1,3,0.00,1
1,18,1,1,1,0,1,1,1,6,19,48.00,1
1,118,1,0,4,0,7,0,1,2,0,0.00,0
2,22,1,0,4,0,7,0,1,7,18,71.88,0
1,19,1,0,4,0,1,0,0,4,15,56.54,1
2,20,1,0,4,0,7,0,1,9,20,60.88,0
1,19,1,1,1,0,1,1,1,4,17,41.50,1
2,22,1,0,4,0,7,0,1,5,23,71.72,0
1,24,1,0,4,0,7,0,1,3,24,71.29,0
1,21,1,1,4,0,6,0,0,5,23,64.07,0
2,24,1,1,2,0,1,0,1,2,16,77.70,1
2,21,1,0,4,0,7,1,1,2,19,67.63,0
1,23,1,0,4,0,1,0,0,5,23,71.12,1
1,23,1,1,2,0,3,0,0,5,26,87.00,0
2,31,1,0,1,0,2,1,1,1,NULL,0.00,1
2,24,1,0,3,0,5,0,0,5,20,70.95,1
2,28,1,0,1,0,2,1,1,2,16,72.92,1
1,18,1,1,4,0,6,0,0,2,5,31.00,0
1,118,1,1,2,0,3,0,0,1,0,0.00,0
2,34,1,1,2,0,3,0,0,1,5,75.92,0
1,17,1,0,4,0,7,1,1,6,19,52.27,0
2,24,1,1,1,0,1,1,1,5,23,84.05,0
1,20,1,0,4,0,7,0,1,5,21,28.38,0
2,20,1,0,4,0,7,1,1,7,20,62.84,0
1,18,1,0,1,0,2,1,1,6,19,9.17,1
1,44,1,0,3,0,4,1,1,2,7,85.20,0
2,26,1,0,3,0,4,1,1,2,16,76.88,0
1,24,1,0,1,0,2,1,1,5,28,67.51,1
2,24,1,1,2,0,1,0,1,3,24,72.20,1
1,21,1,1,4,0,6,0,0,3,29,71.28,0
2,118,1,0,4,0,7,1,1,1,0,0.00,0
1,20,1,1,4,0,6,0,0,3,10,48.92,0
2,25,1,1,2,0,3,0,0,3,10,16.19,0
1,24,1,0,1,0,2,1,1,2,21,80.54,0
1,22,1,0,4,0,1,0,0,2,7,55.71,1
1,19,1,1,4,0,6,0,0,6,19,47.27,0
2,23,1,1,2,0,3,0,0,5,23,76.27,0
1,33,1,1,2,0,1,0,1,2,10,52.38,1
2,26,1,0,4,0,7,0,1,1,10,0.00,0
1,24,1,0,3,0,5,0,0,3,24,72.94,1
2,25,1,1,2,0,3,0,0,1,10,75.34,0
2,20,1,0,4,0,1,0,0,5,27,64.75,1
1,18,1,1,2,0,3,0,0,5,21,45.89,0
2,22,1,1,1,0,1,1,1,3,29,67.67,1
1,25,1,1,2,0,3,0,0,1,16,78.02,0
1,35,1,0,3,0,4,1,1,4,11,51.70,0
2,21,1,1,1,0,1,1,1,7,17,69.08,1
1,18,1,0,3,0,4,1,1,5,21,47.00,0
2,118,1,1,2,0,3,0,0,2,21,0.00,0
2,25,1,0,3,0,4,1,1,8,30,78.39,0
2,23,1,0,4,0,7,0,1,3,24,66.84,0
1,25,1,1,2,0,1,0,1,2,16,78.60,1
1,118,1,0,4,0,7,1,1,2,25,0.00,0
2,23,1,1,4,0,6,0,0,1,6,63.83,0
2,20,1,1,2,0,1,0,1,5,23,54.57,1
2,33,1,0,4,0,7,1,1,6,24,89.00,0
2,27,1,0,1,0,2,1,1,7,22,67.16,1
1,18,1,0,4,0,7,0,1,6,19,55.67,0
1,23,1,1,2,0,3,0,0,3,24,76.19,0
1,20,1,1,4,0,6,0,0,6,20,66.73,0
1,20,1,0,1,0,2,1,1,5,23,54.78,1
1,19,1,1,4,0,6,0,0,3,16,46.21,0
2,21,1,0,4,0,7,1,1,5,28,75.47,0
1,18,1,1,2,0,1,0,1,6,19,54.27,1
2,23,1,1,4,0,6,0,0,2,16,78.61,0
2,20,1,0,4,0,7,1,1,2,6,60.93,0
1,24,1,0,4,0,7,0,1,3,24,86.45,0
2,30,1,1,4,0,6,0,0,2,6,73.20,0
1,25,1,1,1,0,1,1,1,3,24,66.86,1
2,20,1,0,3,0,5,0,0,6,20,62.86,1
2,21,1,0,4,0,7,1,1,2,18,71.70,0
1,28,1,0,3,0,4,1,1,2,21,76.40,0
2,22,1,0,3,0,5,0,0,3,13,58.00,1
2,24,1,0,4,0,7,1,1,7,22,78.83,0
1,18,1,1,4,0,6,0,0,5,21,38.50,0
1,20,1,0,4,0,1,0,0,5,16,65.16,1
1,21,1,1,4,0,6,0,0,6,19,44.13,0
2,26,1,0,4,0,7,0,1,2,21,81.04,0
1,19,1,1,2,0,1,0,1,3,12,46.73,1
1,18,1,1,1,0,1,1,1,5,21,52.11,1
2,22,1,0,4,0,1,0,0,5,28,73.66,1
1,20,1,0,4,0,7,1,1,3,15,57.74,0
1,118,1,1,2,0,3,0,0,1,5,0.00,0
1,24,1,0,3,0,4,1,1,6,31,51.65,0
2,21,1,1,2,0,3,0,0,5,27,63.00,0
1,22,1,1,2,0,1,0,1,3,13,62.05,1
1,21,1,0,4,0,1,0,0,3,29,66.78,1
2,118,1,0,4,0,7,1,1,1,10,0.00,0
2,21,1,1,2,0,1,0,1,2,15,64.46,1
2,118,1,0,3,0,4,1,1,1,0,0.00,0
1,26,1,1,1,0,1,1,1,1,16,70.33,1
1,24,1,0,4,0,1,0,0,5,7,59.61,1
2,33,1,0,3,0,4,1,1,1,0,84.96,0
1,118,1,0,4,0,7,0,1,1,5,0.00,0
1,31,1,1,4,0,6,0,0,1,0,84.42,0
2,20,1,1,1,0,1,1,1,3,17,65.52,1
2,22,1,0,4,0,7,1,1,4,27,74.26,0
1,19,1,0,3,0,5,0,0,1,4,50.00,1
2,19,1,0,4,0,7,1,1,5,21,48.44,0
1,19,1,1,4,0,6,0,0,6,19,45.55,0
1,19,1,1,1,0,1,1,1,2,7,62.69,1
2,23,1,1,1,0,1,1,1,2,13,60.82,1
2,23,1,1,2,0,1,0,1,6,24,45.40,1
1,118,1,0,4,0,7,0,1,1,0,0.00,0
2,19,1,1,4,0,6,0,0,2,9,39.00,0
1,18,1,0,4,0,7,1,1,5,21,48.86,0
2,23,1,1,4,0,6,0,0,4,17,59.23,0
2,21,1,0,4,0,7,1,1,8,20,64.98,0
1,22,1,1,1,0,1,1,1,5,17,71.14,1
1,18,1,0,4,0,1,0,0,5,17,46.11,1
2,23,1,0,1,0,2,1,1,5,23,73.61,1
1,19,1,1,4,0,6,0,0,6,19,44.36,0
2,24,1,1,4,0,6,0,0,3,24,69.18,0
2,25,1,1,2,0,3,0,0,1,3,73.98,0
1,23,1,1,2,0,1,0,1,3,24,62.31,1
2,19,1,0,1,0,2,1,1,4,15,69.00,1
1,26,1,0,4,0,7,1,1,5,25,48.34,0
1,22,1,0,3,0,4,1,1,5,16,65.15,0
1,22,1,0,4,0,7,0,1,6,19,31.11,0
1,21,1,1,4,0,6,0,0,8,19,72.89,0
2,20,1,0,4,0,7,1,1,3,12,49.31,0
2,22,1,0,4,0,1,0,0,5,18,51.79,1
2,19,1,1,2,0,1,0,1,3,16,55.46,1
2,21,1,0,4,0,7,0,1,6,18,63.78,0
2,21,1,0,3,0,5,0,0,6,24,44.88,1
1,18,1,1,2,0,1,0,1,6,19,51.22,1
2,24,1,1,2,0,3,0,0,7,22,79.63,0
2,118,1,0,3,0,4,1,1,1,16,0.00,0
2,23,1,0,4,0,7,1,1,5,28,65.40,0
1,22,1,0,4,0,7,1,1,1,5,43.08,0
2,26,1,1,2,0,3,0,0,2,15,42.94,0
2,118,1,0,3,0,5,0,0,1,0,0.00,1
2,18,1,1,2,0,1,0,1,5,16,60.60,1
2,28,1,1,2,0,3,0,0,6,20,66.00,0
1,27,1,1,2,0,3,0,0,3,7,80.27,0
2,29,1,0,1,0,2,1,1,1,0,0.00,1
2,20,1,0,4,0,1,0,0,6,19,51.82,1
2,118,1,1,2,0,1,0,1,1,15,0.00,1
2,21,1,0,4,0,1,0,0,4,12,59.50,1
2,21,1,0,4,0,7,0,1,3,9,33.67,0
2,21,1,0,4,0,7,0,1,8,19,71.15,0
1,26,1,1,2,0,3,0,0,3,24,72.26,0
2,20,1,1,4,0,6,0,0,5,27,70.79,0
2,26,1,0,3,0,5,0,0,4,27,59.74,1
2,35,1,0,4,0,7,1,1,5,19,56.18,0
2,26,1,1,4,0,6,0,0,1,10,74.67,0
2,20,1,1,1,0,1,1,1,6,19,53.88,1
1,19,1,0,4,0,7,0,1,4,12,61.31,0
1,21,1,0,4,0,7,1,1,5,27,55.63,0
1,22,1,0,3,0,5,0,0,5,28,69.72,1
1,23,1,1,2,0,3,0,0,4,15,54.23,0
2,19,1,0,3,0,5,0,0,4,15,56.18,1
1,24,1,1,4,0,6,0,0,6,16,76.37,0
1,21,1,1,2,0,1,0,1,3,10,60.17,1
2,25,1,0,4,0,1,0,0,2,21,78.73,1
2,22,1,0,1,0,2,1,1,4,27,64.52,1
2,21,1,0,4,0,7,0,1,4,14,54.94,0
1,21,1,1,1,0,1,1,1,3,24,44.18,1
2,26,1,0,3,0,5,0,0,1,5,38.46,1
2,25,1,1,2,0,3,0,0,3,24,71.32,0
1,21,1,0,4,0,7,0,1,3,24,69.12,0
1,26,1,0,1,0,2,1,1,6,19,41.00,1
2,20,1,0,3,0,4,1,1,2,18,76.57,0
1,118,1,0,4,0,7,1,1,1,0,0.00,0
2,18,1,1,1,0,1,1,1,6,19,44.09,1
1,20,1,1,4,0,6,0,0,4,17,64.50,0
1,27,1,0,4,0,1,0,0,1,16,74.75,1
1,25,1,1,4,0,6,0,0,5,19,47.32,0
2,21,1,0,4,0,7,1,1,5,28,76.47,0
2,118,1,0,4,0,7,0,1,1,15,0.00,0
2,20,1,0,3,0,5,0,0,3,24,67.88,1
2,118,1,0,3,0,4,1,1,1,0,0.00,0
1,118,1,1,1,0,1,1,1,1,0,0.00,1
2,19,1,0,4,0,7,1,1,4,16,69.29,0
1,20,1,0,3,0,5,0,0,2,18,72.86,1
2,24,1,1,4,0,6,0,0,1,10,58.89,0
1,22,1,1,2,0,1,0,1,4,27,67.66,1
2,21,1,0,4,0,1,0,0,6,13,61.96,1
2,22,1,1,2,0,1,0,1,5,28,62.35,1
1,23,1,1,2,0,1,0,1,5,28,68.71,1
1,29,1,0,4,0,7,0,1,1,0,78.24,0
2,118,1,0,1,0,2,1,1,1,0,0.00,1
1,23,1,0,4,0,7,0,1,5,23,63.60,0
1,20,1,1,2,0,1,0,1,3,12,63.90,1
1,31,1,1,1,0,1,1,1,1,4,8.18,1
1,19,1,1,2,0,1,0,1,3,17,56.05,1
1,28,1,1,2,0,3,0,0,3,12,58.00,0
1,29,1,0,4,0,7,0,1,1,2,54.47,0
1,61,1,0,4,0,7,0,1,1,0,76.67,0
1,24,1,1,2,0,3,0,0,1,10,80.13,0
2,20,1,0,4,0,1,0,0,5,17,17.60,1
2,118,1,0,4,0,7,1,1,1,0,0.00,0
2,23,1,0,3,0,5,0,0,5,23,73.07,1
1,20,1,0,3,0,4,1,1,2,8,39.58,0
1,22,1,1,4,0,6,0,0,2,11,55.11,0
2,22,1,1,4,0,6,0,0,3,17,73.74,0
1,22,1,1,4,0,6,0,0,3,13,31.00,0
2,118,1,0,4,0,7,1,1,1,5,0.00,0
2,118,1,1,2,0,1,0,1,1,0,0.00,1
1,35,1,1,2,0,3,0,0,1,0,81.63,0
2,24,1,1,4,0,6,0,0,4,15,62.21,0
1,19,1,1,2,0,1,0,1,4,16,64.71,1
2,22,1,0,4,0,7,0,1,4,14,61.45,0
2,23,1,0,3,0,5,0,0,5,23,71.98,1
2,19,1,0,1,0,2,1,1,4,16,63.88,1
2,118,1,1,2,0,3,0,0,1,0,0.00,0
2,21,1,0,3,0,4,1,1,8,20,70.03,0
1,118,1,0,1,0,2,1,1,1,0,0.00,1
2,118,1,0,3,0,4,1,1,1,5,0.00,0
2,19,1,1,2,0,3,0,0,5,21,41.22,0
1,19,1,0,1,0,2,1,1,5,15,43.73,1
2,24,1,1,2,0,1,0,1,3,29,68.00,1
2,22,1,0,3,0,4,1,1,5,26,91.88,0
1,20,1,0,4,0,7,0,1,4,16,55.35,0
1,21,1,0,1,0,2,1,1,3,24,73.00,1
2,21,1,1,1,0,1,1,1,2,8,45.57,1
2,20,1,0,3,0,4,1,1,2,9,69.47,0
2,26,1,1,4,0,6,0,0,4,16,84.23,0
2,19,1,0,3,0,4,1,1,3,12,59.00,0
2,118,1,0,4,0,7,1,1,3,3,0.00,0
1,30,1,0,4,0,7,1,1,2,21,73.02,0
2,24,1,0,4,0,1,0,0,1,3,50.21,1
1,118,1,1,2,0,1,0,1,1,10,0.00,1
1,118,1,1,4,0,6,0,0,1,5,0.00,0
1,31,1,0,3,0,4,1,1,1,5,77.78,0
2,20,1,0,1,0,2,1,1,3,12,51.09,1
2,31,1,1,2,0,1,0,1,2,5,71.75,1
2,24,1,0,4,0,1,0,0,3,24,74.38,1
1,19,1,1,2,0,1,0,1,5,17,37.50,1
1,23,1,0,4,0,1,0,0,6,25,55.19,1
2,19,1,1,1,0,1,1,1,5,23,45.73,1
1,22,1,0,3,0,5,0,0,5,28,65.31,1
1,118,1,0,3,0,4,1,1,1,5,0.00,0
1,19,1,0,4,0,7,1,1,6,19,47.11,0
2,118,1,0,1,0,2,1,1,1,0,0.00,1
2,21,1,1,2,0,3,0,0,5,27,65.08,0
1,26,1,0,4,0,7,1,1,7,17,57.68,0
1,34,2,0,3,0,4,1,1,1,5,52.71,0
2,24,1,1,2,0,3,0,0,2,21,77.57,0
1,21,1,0,3,0,4,1,1,6,20,70.89,0
2,32,1,0,4,0,7,1,1,1,0,56.65,0
2,18,1,0,4,0,7,1,1,6,19,52.27,0
1,21,1,0,3,0,4,1,1,2,15,61.55,0
2,23,1,0,4,0,7,1,1,5,16,58.87,0
2,23,1,0,4,0,7,1,1,4,12,62.95,0
2,26,1,1,1,0,1,1,1,1,16,75.32,1
2,41,2,1,2,0,1,0,1,1,5,79.83,0
2,21,1,0,3,0,5,0,0,1,12,60.33,1
1,25,1,1,4,0,6,0,0,2,10,45.45,0
1,118,1,1,2,0,3,0,0,1,80,0.00,0
1,26,1,0,4,0,7,1,1,4,27,57.20,0
2,22,1,0,3,0,4,1,1,8,19,68.00,0
1,32,1,0,4,0,7,1,1,4,16,49.00,0
1,36,1,1,1,0,1,1,1,6,24,96.86,0
2,21,1,0,4,0,7,0,1,8,31,83.22,0
2,22,1,0,1,0,2,1,1,4,27,74.46,1
1,26,1,1,2,0,3,0,0,2,21,73.09,0
2,25,1,0,4,0,7,0,1,5,16,92.92,0
2,22,1,1,1,0,1,1,1,4,15,74.82,1
1,36,1,1,4,0,6,0,0,6,24,88.02,0
2,26,1,0,3,0,4,1,1,1,5,78.76,0
2,118,1,0,4,0,7,0,1,5,21,46.78,0
1,21,1,1,4,0,6,0,0,5,16,68.61,0
2,25,1,0,4,0,7,1,1,1,8,77.18,0
2,23,1,0,4,0,1,0,0,1,80,81.42,0
1,20,1,0,3,0,5,0,0,3,10,40.80,1
2,21,1,0,4,0,1,0,0,1,9,71.59,1
1,23,1,0,1,0,2,1,1,1,9,61.91,1
1,118,1,1,2,0,1,0,1,1,3,0.00,1
2,31,1,0,1,0,2,1,1,4,16,79.25,0
2,23,1,1,2,0,1,0,1,4,14,50.21,1
1,18,1,1,1,0,1,1,1,5,21,0.00,1
2,20,1,0,3,0,5,0,0,5,27,75.80,1
2,26,1,1,4,0,6,0,0,4,15,50.43,0
1,25,1,0,3,0,4,1,1,1,16,77.71,0
1,22,1,1,2,0,3,0,0,7,18,74.25,0
1,19,1,0,4,0,1,0,0,3,13,61.50,1
2,28,1,0,3,0,4,1,1,3,21,72.81,0
1,19,1,0,3,0,4,1,1,7,25,54.43,0
1,118,1,0,3,0,4,1,1,1,0,0.00,0
1,24,1,0,4,0,7,1,1,5,16,72.28,0
2,25,1,0,4,0,7,0,1,3,24,73.98,0
2,19,1,1,2,0,1,0,1,5,21,41.67,1
1,20,1,0,1,0,2,1,1,5,27,63.83,1
2,22,1,0,3,0,4,1,1,1,4,65.43,0
2,24,1,1,2,0,1,0,1,2,16,71.08,1
2,18,1,0,1,0,2,1,1,6,19,65.63,1
1,19,1,1,1,0,1,1,1,4,17,60.43,1
2,17,1,0,4,0,1,0,0,6,19,49.36,1
2,28,1,0,4,0,7,0,1,2,32,77.02,0
1,24,1,0,3,0,5,0,0,3,24,74.77,1
2,118,1,0,1,0,2,1,1,3,3,0.00,1
1,21,1,0,4,0,1,0,0,4,27,65.16,1
2,118,1,1,2,0,1,0,1,1,80,0.00,1
2,118,1,0,4,0,7,0,1,1,0,0.00,0
2,20,1,1,4,0,6,0,0,6,20,68.96,0
2,20,1,0,3,0,5,0,0,3,9,73.08,1
2,118,1,0,4,0,7,0,1,1,15,0.00,0
1,23,1,0,4,0,1,0,0,3,24,73.48,1
2,25,1,1,1,0,1,1,1,4,27,68.85,1
2,24,1,0,1,0,2,1,1,1,16,82.00,0
2,20,1,0,3,0,4,1,1,2,11,50.73,0
2,32,1,0,3,0,5,0,0,5,23,75.51,1
1,118,1,0,4,0,7,1,1,1,15,0.00,0
1,21,1,0,3,0,5,0,0,3,12,61.79,1
1,18,1,0,1,0,2,1,1,5,21,41.22,1
2,118,1,1,1,0,1,1,1,1,16,0.00,1
2,40,1,1,2,0,3,0,0,4,16,75.74,0
2,25,1,0,4,0,7,0,1,2,21,74.35,0
2,118,1,0,4,0,7,1,1,4,19,33.27,0
2,20,1,1,1,0,1,1,1,4,16,62.53,1
1,28,1,0,3,0,4,1,1,1,6,45.88,0
2,30,1,0,4,0,1,0,0,1,3,80.30,0
2,22,1,1,2,0,3,0,0,3,11,41.94,0
1,24,1,1,2,0,3,0,0,2,21,79.34,0
1,19,1,1,4,0,6,0,0,3,13,55.13,0
2,21,1,0,3,0,5,0,0,5,23,54.00,1
1,19,1,0,3,0,5,0,0,5,27,76.63,1
2,23,1,0,3,0,4,1,1,1,5,62.53,0
2,23,1,0,1,0,2,1,1,4,16,42.82,1
2,20,1,1,4,0,6,0,0,4,16,59.29,0
1,21,1,0,4,0,1,0,0,4,27,69.66,1
1,21,1,0,4,0,7,0,1,4,16,61.65,0
2,23,1,1,2,0,1,0,1,5,26,82.63,0
1,118,1,1,1,0,1,1,1,1,5,0.00,1
2,21,1,0,4,0,1,0,0,5,27,65.18,1
2,21,1,1,1,0,1,1,1,3,29,74.55,1
1,18,1,1,2,0,3,0,0,6,19,72.67,0
1,20,1,0,3,0,4,1,1,5,23,62.50,0
2,24,1,1,2,0,1,0,1,1,20,44.08,1
2,25,1,0,3,0,5,0,0,2,21,78.98,1
2,19,1,0,3,0,4,1,1,3,12,53.75,0
2,26,1,0,1,0,2,1,1,3,22,39.96,1
1,19,1,0,1,0,2,1,1,4,15,54.46,1
2,19,1,1,1,0,1,1,1,5,27,71.89,1
2,20,1,1,2,0,3,0,0,3,12,69.76,0
1,24,1,0,3,0,4,1,1,6,15,61.40,0
2,23,1,0,4,0,7,1,1,5,16,81.11,0
1,26,1,0,4,0,1,0,0,1,NULL,0.00,1
1,21,1,1,1,0,1,1,1,4,27,74.73,1
1,19,1,0,3,0,5,0,0,6,19,46.45,1
2,19,1,1,4,0,6,0,0,6,24,26.80,0
1,118,1,0,3,0,4,1,1,1,3,0.00,0
2,25,1,1,1,0,1,1,1,1,16,72.65,1
2,20,1,0,4,0,1,0,0,3,24,65.39,1
1,21,1,0,4,0,7,0,1,3,12,62.43,0
2,21,1,0,3,0,4,1,1,3,11,81.25,0
1,20,1,0,3,0,4,1,1,5,23,77.73,0
1,32,1,1,2,0,1,0,1,2,3,70.71,1
2,22,1,0,1,0,2,1,1,1,0,85.04,0
1,22,1,1,4,0,6,0,0,3,23,72.12,0
2,23,1,0,1,0,2,1,1,8,20,79.09,0
2,25,1,1,2,0,3,0,0,5,18,72.43,0
2,22,1,1,4,0,6,0,0,3,17,70.03,0
1,118,1,1,2,0,1,0,1,1,3,0.00,1
2,23,1,0,4,0,1,0,0,1,NULL,45.15,1
2,18,1,0,4,0,1,0,0,6,19,74.33,1
1,25,1,0,1,0,2,1,1,8,30,73.71,1
2,24,1,0,1,0,2,1,1,5,23,68.78,1
2,23,1,1,2,0,3,0,0,3,29,53.94,0
1,21,1,1,2,0,3,0,0,4,27,75.79,0
1,18,1,0,1,0,2,1,1,5,21,53.56,1
1,43,1,1,4,0,6,0,0,3,11,22.29,0
2,118,1,1,2,0,1,0,1,5,21,49.22,1
1,25,1,0,1,0,2,1,1,3,37,78.06,1
2,20,1,1,1,0,1,1,1,5,18,58.72,1
2,22,1,1,4,0,6,0,0,4,25,49.55,0
1,24,1,0,4,0,7,0,1,3,24,80.62,0
2,23,1,0,4,0,7,0,1,3,29,68.28,0
2,23,1,0,4,0,7,0,1,5,28,64.00,0
1,20,1,1,2,0,3,0,0,2,9,43.62,0
2,20,1,1,2,0,1,0,1,5,27,69.45,1
2,28,1,0,4,0,7,0,1,6,24,93.62,0
2,19,1,0,3,0,4,1,1,6,19,43.00,0
2,25,1,0,4,0,7,1,1,1,10,81.05,0
1,23,1,1,4,0,6,0,0,2,11,49.67,0
1,18,1,0,4,0,7,1,1,4,15,37.50,0
1,27,1,0,3,0,5,0,0,2,0,79.85,0
2,23,1,1,4,0,6,0,0,4,15,67.44,0
1,18,1,0,4,0,7,0,1,5,21,15.00,0
1,23,1,1,2,0,1,0,1,5,16,77.65,1
2,22,1,0,4,0,7,1,1,5,28,81.58,0
2,22,1,0,4,0,7,1,1,4,12,61.85,0
2,20,1,1,4,0,6,0,0,7,20,62.87,0
2,23,1,0,1,0,2,1,1,3,17,56.84,1
2,21,1,0,4,0,7,0,1,5,14,71.65,0
1,22,1,0,4,0,1,0,0,5,26,86.49,0
1,118,1,0,3,0,4,1,1,1,0,0.00,0
2,118,1,1,4,0,6,0,0,1,5,0.00,0
1,22,1,1,4,0,6,0,0,5,26,82.62,0
2,118,1,0,3,0,4,1,1,1,15,0.00,0
2,28,1,0,4,0,1,0,0,1,3,82.62,0
2,24,1,0,4,0,7,1,1,2,21,77.16,0
1,22,1,0,3,0,5,0,0,6,20,64.49,1
2,20,1,0,3,0,4,1,1,2,8,44.13,0
2,19,1,0,1,0,2,1,1,4,16,68.88,1
1,28,1,0,4,0,7,0,1,3,37,74.51,0
2,25,1,0,3,0,5,0,0,1,5,78.59,1
1,23,1,1,1,0,1,1,1,4,27,67.87,1
2,19,1,0,4,0,7,1,1,6,19,45.36,0
2,20,1,1,2,0,3,0,0,4,27,72.46,0
2,19,1,1,2,0,1,0,1,3,11,50.63,1
1,21,1,1,2,0,1,0,1,3,12,72.90,1
1,24,1,0,1,0,2,1,1,1,16,78.45,1
1,21,1,1,4,0,6,0,0,5,28,78.83,0
1,26,1,0,3,0,5,0,0,1,6,61.07,1
1,118,1,1,2,0,1,0,1,1,5,0.00,1
2,43,1,1,2,0,3,0,0,4,16,70.15,0
1,20,1,1,2,0,1,0,1,3,12,60.00,1
2,118,1,1,1,0,1,1,1,1,16,0.00,1
2,19,1,0,4,0,7,0,1,3,17,65.85,0
1,20,1,0,4,0,1,0,0,3,12,57.00,1
2,23,1,1,4,0,6,0,0,3,24,73.52,0
2,32,1,1,2,0,3,0,0,2,0,0.00,0
1,23,1,0,3,0,5,0,0,1,10,81.30,0
2,118,1,1,2,0,1,0,1,1,80,0.00,1
2,19,1,1,2,0,1,0,1,1,4,60.91,1
2,24,1,1,2,0,3,0,0,3,24,79.72,0
2,38,1,1,1,0,1,1,1,4,16,80.17,0
1,118,1,0,3,0,5,0,0,1,0,0.00,1
1,24,1,1,4,0,6,0,0,8,30,77.62,0
2,118,1,1,2,0,3,0,0,1,0,0.00,0
1,23,1,0,3,0,4,1,1,3,24,57.40,0
2,26,1,0,1,0,2,1,1,4,32,71.13,1
2,18,1,1,4,0,6,0,0,6,19,45.55,0
2,22,1,1,2,0,1,0,1,1,5,68.60,1
1,31,1,1,1,0,1,1,1,1,9,34.81,1
2,30,1,0,3,0,4,1,1,6,24,87.53,0
2,24,1,0,1,0,2,1,1,4,27,61.38,1
2,23,1,1,1,0,1,1,1,6,31,43.92,1
2,23,1,0,4,0,1,0,0,2,6,54.35,1
1,25,1,1,4,0,6,0,0,3,24,73.00,0
2,18,1,0,4,0,1,0,0,6,19,0.00,1
2,20,1,0,4,0,1,0,0,4,15,52.00,1
2,25,1,0,1,0,2,1,1,4,32,80.00,0
1,22,1,1,1,0,1,1,1,7,18,79.29,0
2,24,1,0,4,0,7,1,1,2,16,68.94,0
2,24,1,0,4,0,1,0,0,2,16,71.27,1
2,28,1,1,1,0,1,1,1,1,NULL,0.00,1
2,23,1,0,4,0,7,0,1,5,13,75.98,0
1,26,1,1,1,0,1,1,1,5,28,50.79,1
2,27,1,0,3,0,5,0,0,2,25,37.18,1
2,23,1,0,1,0,2,1,1,1,5,60.23,1
1,118,1,0,3,0,5,0,0,2,25,0.00,1
2,20,1,0,4,0,7,0,1,6,19,66.00,0
1,20,1,0,3,0,5,0,0,2,12,59.17,1
1,23,1,1,2,0,3,0,0,3,12,58.45,0
2,21,1,0,1,0,2,1,1,2,16,78.17,1
1,19,1,0,4,0,7,1,1,6,19,52.64,0
2,23,1,1,2,0,1,0,1,3,24,75.11,1
1,20,1,1,4,0,6,0,0,3,12,50.82,0
2,30,1,1,2,0,1,0,1,3,24,76.11,1
2,22,1,0,1,0,2,1,1,5,23,71.55,1
1,23,1,1,4,0,6,0,0,2,16,76.96,0
2,118,1,0,4,0,7,1,1,1,5,0.00,0
1,20,1,0,4,0,1,0,0,3,24,66.52,1
2,19,1,0,4,0,1,0,0,3,13,63.62,1
1,18,1,1,2,0,1,0,1,7,35,42.60,1
2,18,1,0,3,0,4,1,1,6,19,49.22,0
2,24,1,1,4,0,6,0,0,4,10,68.40,0
2,20,1,1,1,0,1,1,1,1,4,48.46,1
1,20,1,0,3,0,4,1,1,3,9,46.69,0
2,21,1,0,4,0,7,0,1,3,9,72.70,0
2,26,1,1,2,0,1,0,1,5,12,66.40,1
1,23,1,1,2,0,1,0,1,5,16,62.28,1
2,19,1,1,4,0,6,0,0,3,17,64.53,0
2,23,1,0,4,0,7,1,1,1,10,84.73,0
1,21,1,1,2,0,3,0,0,4,27,64.69,0
2,24,1,1,2,0,1,0,1,3,24,74.53,1
2,23,1,1,4,0,6,0,0,5,26,81.02,0
1,33,1,0,3,0,4,1,1,5,16,51.40,0
2,21,1,1,2,0,1,0,1,5,16,49.00,1
1,24,1,1,1,0,1,1,1,1,16,85.77,0
1,118,1,0,1,0,2,1,1,1,0,0.00,1
1,24,1,0,1,0,2,1,1,5,28,68.97,1
1,18,1,1,4,0,6,0,0,6,19,53.44,0
2,23,1,1,2,0,1,0,1,5,16,85.80,0
2,118,1,1,4,0,6,0,0,1,0,0.00,0
1,23,1,0,1,0,2,1,1,3,11,47.27,1
1,118,1,1,4,0,6,0,0,1,5,0.00,0
2,24,1,0,3,0,4,1,1,1,8,79.06,0
2,24,1,0,3,0,4,1,1,1,5,46.64,0
1,22,1,1,2,0,1,0,1,5,28,69.28,1
1,19,1,0,4,0,7,1,1,3,11,62.70,0
2,18,1,0,1,0,2,1,1,5,21,57.20,1
2,29,1,1,2,0,3,0,0,1,10,84.36,0
2,18,1,0,4,0,7,0,1,5,21,46.00,0
2,23,1,1,2,0,3,0,0,3,12,45.78,0
1,31,1,0,4,0,7,1,1,1,0,81.84,0
1,24,1,1,1,0,1,1,1,3,24,76.02,1
1,21,1,0,4,0,7,1,1,3,24,80.15,0
2,19,1,1,2,0,3,0,0,8,26,51.92,0
2,23,1,0,1,0,2,1,1,7,17,70.32,1
2,19,1,1,4,0,6,0,0,3,11,45.86,0
2,24,1,1,1,0,1,1,1,2,16,70.94,1
2,24,1,1,1,0,1,1,1,2,16,69.81,1
1,19,1,1,2,0,1,0,1,4,15,71.65,1
2,23,1,0,4,0,1,0,0,1,4,69.49,1
2,28,1,0,1,0,2,1,1,1,NULL,0.00,1
2,31,1,0,4,0,7,0,1,2,6,38.95,0
2,22,1,1,2,0,1,0,1,8,25,54.28,1
1,118,1,0,3,0,4,1,1,1,0,0.00,0
2,35,2,0,4,0,7,1,1,1,NULL,0.00,0
2,20,1,1,1,0,1,1,1,3,24,66.96,1
1,27,1,0,1,0,2,1,1,4,27,73.15,1
2,118,1,0,3,0,4,1,1,1,3,0.00,0
2,20,1,1,1,0,1,1,1,3,12,58.33,1
2,20,1,0,4,0,7,1,1,4,17,54.75,0
1,20,1,1,2,0,3,0,0,5,23,59.93,0
2,19,1,0,3,0,5,0,0,6,19,51.64,1
1,23,1,0,3,0,5,0,0,7,22,81.16,0
2,21,1,0,4,0,7,0,1,4,17,57.50,0
1,18,1,0,4,0,7,1,1,6,19,51.91,0
2,19,1,0,4,0,1,0,0,5,27,72.16,1
2,24,1,1,2,0,1,0,1,5,16,68.20,1
1,21,1,1,2,0,3,0,0,2,15,68.54,0
1,23,1,0,4,0,7,1,1,3,24,81.68,0
1,24,1,1,4,0,6,0,0,1,16,86.91,0
1,26,1,1,2,0,3,0,0,1,5,7.78,0
1,26,1,1,1,0,1,1,1,4,27,50.31,1
1,19,1,0,3,0,4,1,1,6,19,47.17,0
2,19,1,0,4,0,7,1,1,5,23,66.55,0
1,28,1,1,2,0,3,0,0,1,30,0.00,0
2,32,1,0,4,0,7,0,1,6,19,71.00,0
1,30,1,0,1,0,2,1,1,4,16,63.48,1
2,28,1,1,2,0,3,0,0,1,30,57.97,0
2,24,1,0,4,0,1,0,0,2,19,41.51,1
2,22,1,0,3,0,4,1,1,1,6,54.20,0
1,22,1,1,2,0,1,0,1,5,28,80.92,0
1,37,1,1,1,0,1,1,1,4,16,58.78,1
2,20,1,0,4,0,1,0,0,3,17,56.95,1
1,118,1,0,3,0,5,0,0,1,5,0.00,1
1,19,1,1,2,0,3,0,0,2,12,64.36,0
1,22,1,0,4,0,7,0,1,3,29,66.28,0
1,26,1,1,1,0,1,1,1,7,22,82.05,0
1,18,1,0,4,0,1,0,0,6,19,36.56,1
2,21,1,0,3,0,4,1,1,3,12,67.12,0
1,46,1,0,4,0,7,0,1,1,NULL,0.00,0
1,118,1,1,2,0,1,0,1,1,5,0.00,1
2,118,1,0,4,0,1,0,0,1,3,0.00,1
2,20,1,0,1,0,2,1,1,3,10,51.60,1
2,22,1,1,4,0,6,0,0,5,23,72.93,0
2,21,1,0,3,0,5,0,0,4,13,56.14,1
1,26,1,0,4,0,7,0,1,1,3,87.66,0
2,22,1,0,4,0,7,0,1,5,23,71.56,0
2,23,1,1,4,0,6,0,0,3,10,55.95,0
1,23,1,0,4,0,7,1,1,3,12,50.08,0
2,23,1,0,1,0,2,1,1,4,11,67.98,1
2,19,1,1,2,0,1,0,1,7,24,73.92,1
2,18,1,0,4,0,7,0,1,6,19,45.55,0
2,21,1,0,1,0,2,1,1,2,18,66.24,1
1,20,1,0,4,0,1,0,0,5,17,50.22,1
1,34,1,1,2,0,3,0,0,1,3,49.51,0
2,24,1,0,1,0,2,1,1,2,21,78.92,1
1,23,1,1,2,0,1,0,1,5,28,70.84,1
1,28,1,0,4,0,7,0,1,4,17,47.32,0
1,23,1,0,3,0,4,1,1,5,26,81.93,0
1,22,1,1,4,0,6,0,0,3,15,55.72,0
2,118,1,1,1,0,1,1,1,1,0,0.00,1
1,19,1,0,3,0,5,0,0,5,27,78.05,1
1,118,1,1,2,0,3,0,0,1,5,0.00,0
2,26,1,1,1,0,1,1,1,2,12,39.50,1
1,23,1,0,4,0,1,0,0,12,45,51.49,1
1,18,1,1,1,0,1,1,1,5,21,50.33,1
2,23,1,0,3,0,5,0,0,4,16,76.47,1
2,35,1,1,4,0,6,0,0,2,3,75.53,0
2,118,1,0,3,0,4,1,1,1,10,0.00,0
2,20,1,0,3,0,5,0,0,3,12,45.85,1
1,19,1,0,3,0,5,0,0,5,21,31.00,1
2,19,1,0,3,0,5,0,0,5,21,41.50,1
2,25,1,1,2,0,1,0,1,2,16,59.31,1
2,19,1,1,2,0,1,0,1,5,21,48.22,1
2,118,1,0,1,0,2,1,1,6,19,39.56,1
2,24,1,0,4,0,7,0,1,3,24,67.96,0
1,22,1,0,1,0,2,1,1,3,24,51.69,1
1,20,1,1,2,0,3,0,0,4,17,64.60,0
2,23,1,0,1,0,2,1,1,3,29,61.68,1
1,21,1,0,4,0,1,0,0,4,15,48.68,1
2,22,1,1,1,0,1,1,1,5,14,62.18,1
2,20,1,0,4,0,1,0,0,3,24,75.22,1
1,22,1,0,4,0,7,0,1,3,29,68.63,0
1,21,1,0,3,0,5,0,0,3,24,69.22,1
1,23,1,0,4,0,1,0,0,5,23,75.00,1
1,29,1,1,2,0,1,0,1,1,0,0.00,1
1,23,1,0,3,0,4,1,1,5,26,82.45,0
2,23,1,1,1,0,1,1,1,3,24,74.25,1
2,24,1,1,4,0,6,0,0,5,26,80.54,0
1,118,1,1,2,0,1,0,1,1,0,0.00,1
2,27,1,0,3,0,4,1,1,2,0,84.58,0
2,25,1,0,4,0,7,1,1,2,16,67.96,0
2,24,1,0,4,0,1,0,0,7,18,69.45,1
2,18,1,0,1,0,2,1,1,6,19,39.00,1
2,20,1,0,4,0,1,0,0,2,12,59.00,1
2,19,1,1,2,0,1,0,1,2,9,58.36,1
1,19,1,1,1,0,1,1,1,5,19,46.94,1
1,25,1,0,4,0,7,0,1,3,24,75.19,0
2,20,1,0,3,0,4,1,1,3,11,59.05,0
1,18,1,0,4,0,7,1,1,6,19,19.00,0
2,22,1,1,4,0,6,0,0,7,18,72.78,0
1,27,1,1,2,0,3,0,0,2,21,77.49,0
2,22,1,0,3,0,5,0,0,3,23,70.10,1
1,118,1,0,1,0,2,1,1,5,21,48.80,1
1,22,1,1,2,0,3,0,0,7,18,70.75,0
2,18,1,0,3,0,5,0,0,6,19,44.09,1
2,20,1,1,1,0,1,1,1,6,19,6.67,1
1,18,1,1,2,0,1,0,1,5,17,40.70,1
2,23,1,0,4,0,7,0,1,5,16,81.96,0
1,25,1,1,2,0,1,0,1,3,24,65.84,1
2,18,1,0,4,0,1,0,0,5,21,47.50,1
2,27,1,1,1,0,1,1,1,1,80,81.93,0
1,25,1,0,1,0,2,1,1,3,24,66.72,1
2,19,1,0,1,0,2,1,1,7,21,61.65,1
2,26,1,0,4,0,1,0,0,5,13,52.13,1
2,21,1,0,3,0,4,1,1,3,24,67.09,0
2,24,1,1,2,0,3,0,0,4,27,59.24,0
2,24,1,0,1,0,2,1,1,5,23,46.11,1
2,21,1,0,4,0,7,1,1,4,15,57.22,0
2,18,1,0,4,0,7,0,1,6,19,29.00,0
1,18,1,0,4,0,7,1,1,6,19,50.91,0
2,19,1,0,4,0,1,0,0,6,19,55.00,1
2,23,1,0,1,0,2,1,1,3,29,63.61,1
1,20,1,1,2,0,1,0,1,5,17,48.00,1
1,38,1,0,4,0,7,0,1,1,0,93.18,0
1,19,1,1,4,0,6,0,0,5,9,81.71,0
2,20,1,0,3,0,4,1,1,1,9,61.31,0
1,23,1,0,3,0,4,1,1,5,20,72.42,0
1,20,1,1,2,0,3,0,0,3,17,48.06,0
2,36,1,0,3,0,5,0,0,1,5,0.00,1
1,23,1,0,4,0,7,0,1,3,16,45.56,0
2,25,1,0,3,0,5,0,0,4,17,62.63,1
2,26,1,0,4,0,7,1,1,5,9,57.43,0
1,118,1,0,4,0,7,1,1,1,15,0.00,0
2,27,1,1,1,0,1,1,1,1,5,75.17,1
2,22,1,1,2,0,3,0,0,4,27,64.38,0
1,22,1,1,1,0,1,1,1,4,27,69.13,1
1,118,1,1,2,0,3,0,0,1,0,0.00,0
1,30,1,1,2,0,1,0,1,3,29,60.78,1
1,29,2,0,3,0,5,0,0,3,10,55.15,1
2,118,1,0,4,0,1,0,0,1,0,0.00,1
1,34,1,1,1,0,1,1,1,1,3,66.41,1
2,21,1,0,4,0,7,0,1,3,24,57.50,0
1,118,1,1,1,0,1,1,1,1,15,0.00,1
2,24,1,1,2,0,1,0,1,3,24,78.91,1
1,33,2,1,2,0,3,0,0,1,NULL,0.00,0
2,23,1,1,1,0,1,1,1,5,23,71.09,1
2,20,1,1,2,0,1,0,1,4,17,65.93,1
1,118,1,0,4,0,1,0,0,1,5,0.00,1
2,26,1,1,4,0,6,0,0,8,20,63.15,0
1,24,1,0,4,0,7,1,1,2,0,52.16,0
1,118,1,0,3,0,5,0,0,1,16,0.00,1
2,118,1,1,2,0,1,0,1,1,10,0.00,1
1,23,1,0,1,0,2,1,1,4,18,44.56,1
2,23,1,1,1,0,1,1,1,5,16,70.33,1
1,118,1,0,1,0,2,1,1,2,21,0.00,1
1,20,1,0,4,0,1,0,0,5,27,61.00,1
2,25,1,1,4,0,6,0,0,7,18,73.28,0
2,20,1,1,2,0,3,0,0,5,17,39.50,0
1,18,1,0,1,0,2,1,1,6,19,48.00,1
2,118,1,1,4,0,6,0,0,2,0,0.00,0
1,23,1,0,4,0,1,0,0,8,20,59.24,1
2,23,1,1,2,0,3,0,0,2,16,81.30,0
1,22,1,1,2,0,3,0,0,7,22,87.05,0
1,22,1,1,2,0,3,0,0,2,9,29.57,0
2,21,1,1,4,0,6,0,0,3,29,74.06,0
2,23,1,0,3,0,4,1,1,5,27,73.47,0
1,18,1,0,3,0,4,1,1,6,19,48.18,0
2,20,1,1,2,0,3,0,0,5,23,68.53,0
1,23,1,0,1,0,2,1,1,7,22,84.09,0
1,21,1,1,2,0,1,0,1,8,19,76.23,1
1,21,1,0,1,0,2,1,1,3,29,66.41,1
2,23,1,1,4,0,6,0,0,7,22,87.85,0
2,21,1,0,4,0,7,0,1,6,19,62.81,0
1,18,1,1,2,0,1,0,1,6,19,53.36,1
2,118,1,1,4,0,6,0,0,1,5,0.00,0
1,19,1,0,1,0,2,1,1,5,27,74.58,1
2,118,1,0,1,0,2,1,1,1,0,0.00,1
2,25,1,0,4,0,7,0,1,4,9,63.78,0
2,21,1,1,1,0,1,1,1,2,9,70.17,1
2,28,1,1,2,0,1,0,1,6,24,96.24,0
1,37,1,0,4,0,7,1,1,1,30,0.00,0
1,19,1,1,2,0,3,0,0,4,16,64.82,0
2,24,1,1,4,0,6,0,0,2,21,80.42,0
2,22,1,0,4,0,7,1,1,1,5,66.17,0
2,23,1,0,1,0,2,1,1,8,20,62.43,1
1,20,1,0,4,0,1,0,0,5,23,57.69,1
2,118,1,1,4,0,6,0,0,5,21,42.89,0
1,20,1,0,3,0,4,1,1,3,24,66.20,0
1,24,1,0,4,0,7,1,1,5,16,80.86,0
2,22,1,0,3,0,5,0,0,5,23,72.14,1
1,25,1,1,1,0,1,1,1,3,29,68.26,1
1,28,1,0,4,0,1,0,0,42,135,40.32,1
1,20,1,1,1,0,1,1,1,4,16,73.18,1
1,22,1,0,4,0,1,0,0,5,15,52.87,1
2,22,1,0,4,0,1,0,0,1,1,87.56,0
2,19,1,1,4,0,6,0,0,3,12,32.45,0
2,23,1,0,4,0,7,1,1,5,23,74.90,0
1,21,1,0,4,0,7,0,1,5,27,68.19,0
2,22,1,0,4,0,7,1,1,2,15,73.12,0
1,36,1,0,3,0,5,0,0,1,10,56.37,1
2,21,1,1,2,0,3,0,0,2,8,40.44,0
1,19,1,0,3,0,4,1,1,3,17,71.27,0
2,22,1,0,1,0,2,1,1,3,10,36.76,1
2,27,1,1,2,0,3,0,0,4,27,61.00,0
2,24,1,0,3,0,4,1,1,5,18,73.93,0
2,20,1,1,1,0,1,1,1,3,9,60.87,1
1,21,1,1,4,0,6,0,0,3,17,69.90,0
1,118,1,0,4,0,7,1,1,6,19,41.82,0
2,28,1,1,2,0,3,0,0,2,0,NULL,0
2,29,1,1,1,0,1,1,1,1,5,54.92,1
2,20,1,1,2,0,3,0,0,1,12,66.25,0
1,21,1,0,1,0,2,1,1,5,23,55.33,1
1,37,1,1,2,0,1,0,1,1,NULL,69.75,1
1,22,1,1,2,0,1,0,1,1,4,57.33,1
1,18,1,0,4,0,1,0,0,5,21,40.33,1
2,118,1,1,2,0,3,0,0,1,0,0.00,0
2,19,1,0,4,0,7,0,1,6,19,47.55,0
2,21,1,1,2,0,3,0,0,3,24,69.08,0
1,20,1,0,4,0,1,0,0,5,21,45.00,1
1,29,1,0,3,0,5,0,0,1,3,81.81,0
1,19,1,1,2,0,3,0,0,3,13,64.69,0
1,23,1,0,4,0,7,0,1,1,4,68.22,0
2,22,1,1,2,0,3,0,0,4,27,67.43,0
2,22,1,1,1,0,1,1,1,5,23,77.46,1
2,25,1,0,4,0,7,1,1,2,16,66.46,0
1,39,1,1,4,0,6,0,0,1,2,65.24,0
1,37,1,0,4,0,7,1,1,5,36,38.71,0
1,20,1,0,4,0,1,0,0,6,17,73.21,1
2,19,1,0,4,0,7,1,1,3,12,60.35,0
1,25,1,1,1,0,1,1,1,5,26,80.27,0
1,118,1,0,4,0,1,0,0,1,0,0.00,1
1,22,1,0,3,0,5,0,0,8,19,72.17,1
1,23,1,1,2,0,1,0,1,2,15,58.74,1
1,25,1,0,3,0,4,1,1,3,24,73.78,0
2,24,1,0,4,0,7,1,1,7,22,86.35,0
2,21,1,0,1,0,2,1,1,5,27,82.56,0
1,29,1,1,4,0,6,0,0,1,NULL,0.00,0
2,25,1,0,4,0,7,0,1,2,0,79.61,0
2,25,1,0,3,0,4,1,1,5,28,47.61,0
1,35,1,1,4,0,6,0,0,5,20,59.24,0
1,20,1,0,3,0,4,1,1,5,19,45.38,0
1,22,1,0,4,0,7,1,1,3,21,50.62,0
2,19,1,0,1,0,2,1,1,6,19,42.33,1
1,18,1,1,2,0,3,0,0,5,21,48.67,0
2,26,1,1,1,0,1,1,1,2,21,73.07,1
1,118,1,0,4,0,1,0,0,1,0,0.00,1
1,118,1,0,1,0,2,1,1,1,0,0.00,1
1,21,1,0,3,0,4,1,1,3,24,80.05,0
1,118,1,0,4,0,7,0,1,1,5,0.00,0
1,23,1,0,1,0,2,1,1,3,24,78.21,1
1,21,1,1,4,0,6,0,0,5,17,73.86,0
1,20,1,1,2,0,1,0,1,3,24,67.09,1
2,31,1,1,2,0,1,0,1,1,10,0.00,1
2,23,1,1,1,0,1,1,1,3,24,78.89,1
2,20,1,0,3,0,5,0,0,5,23,54.67,1
2,118,1,0,4,0,1,0,0,1,0,0.00,1
1,21,1,1,4,0,6,0,0,3,29,75.43,0
2,21,1,1,2,0,3,0,0,3,24,62.14,0
1,24,1,0,1,0,2,1,1,3,24,69.14,1
2,21,1,1,4,0,6,0,0,5,23,55.93,0
2,18,1,1,4,0,6,0,0,6,19,47.91,0
2,26,1,1,2,0,1,0,1,4,24,70.07,1
2,21,1,1,1,0,1,1,1,4,15,63.41,1
1,118,1,1,4,0,6,0,0,1,0,0.00,0
2,22,1,0,4,0,7,1,1,5,23,84.00,0
2,23,1,1,4,0,6,0,0,5,23,69.26,0
1,118,1,1,2,0,1,0,1,1,3,0.00,1
1,24,1,1,2,0,3,0,0,3,24,75.76,0
2,23,1,0,4,0,1,0,0,5,26,86.10,0
1,118,1,0,3,0,4,1,1,1,16,0.00,0
1,27,1,1,2,0,3,0,0,1,5,79.22,0
1,23,1,0,3,0,5,0,0,1,4,74.83,1
1,20,1,1,2,0,1,0,1,5,18,54.13,1
2,18,1,0,4,0,7,1,1,6,19,52.90,0
2,19,1,1,1,0,1,1,1,5,23,52.87,1
2,37,1,1,2,0,1,0,1,1,3,0.00,1
2,21,1,0,3,0,4,1,1,6,19,53.00,0
1,18,1,1,2,0,3,0,0,6,19,44.78,0
1,19,1,0,3,0,5,0,0,3,13,57.22,1
2,33,1,0,4,0,1,0,0,1,3,0.00,1
2,19,1,0,1,0,2,1,1,1,4,57.58,1
1,20,1,1,2,0,3,0,0,4,15,54.54,0
2,29,1,1,2,0,1,0,1,3,24,80.60,0
2,19,1,0,1,0,2,1,1,4,15,53.83,1
1,25,1,0,4,0,1,0,0,5,16,76.48,1
2,24,1,0,4,0,7,1,1,3,24,76.13,0
2,18,1,0,3,0,4,1,1,6,19,44.89,0
2,22,1,0,4,0,1,0,0,2,6,46.13,1
1,20,1,1,2,0,3,0,0,5,21,26.00,0
2,24,1,1,2,0,3,0,0,6,31,62.26,0
2,21,1,0,1,0,2,1,1,5,23,64.93,1
1,18,1,0,4,0,7,1,1,6,19,60.29,0
2,19,1,1,4,0,6,0,0,4,21,56.33,0
1,23,1,0,4,0,7,0,1,5,26,82.11,0
1,22,1,1,1,0,1,1,1,3,11,52.37,1
1,24,1,0,4,0,7,1,1,5,28,71.47,0
1,18,1,0,4,0,7,0,1,3,9,55.73,0
1,22,1,0,4,0,7,1,1,3,12,59.76,0
2,22,1,0,1,0,2,1,1,2,15,68.24,1
1,24,1,0,4,0,1,0,0,5,28,64.64,1
1,20,1,0,3,0,5,0,0,6,18,67.44,1
2,19,1,0,1,0,2,1,1,2,8,51.73,1
1,21,1,0,1,0,2,1,1,3,10,65.95,1
2,22,1,1,1,0,1,1,1,6,22,55.00,1
1,23,1,0,1,0,2,1,1,2,16,78.30,1
1,118,1,0,3,0,5,0,0,1,3,0.00,1
1,24,1,0,1,0,2,1,1,5,28,62.16,1
1,23,1,1,4,0,6,0,0,3,24,73.00,0
1,23,1,1,2,0,1,0,1,8,19,70.55,1
2,20,1,1,2,0,3,0,0,4,16,63.28,0
1,24,1,1,1,0,1,1,1,2,13,64.41,1
2,26,1,1,2,0,1,0,1,2,16,66.19,1
2,23,1,0,4,0,7,1,1,3,29,73.06,0
2,21,1,0,4,0,7,0,1,3,24,62.88,0
1,20,1,1,2,0,3,0,0,5,27,67.79,0
2,21,1,1,1,0,1,1,1,4,23,65.59,1
1,19,1,0,3,0,4,1,1,5,23,56.60,0
2,23,1,1,4,0,6,0,0,7,17,72.19,0
2,21,1,1,4,0,6,0,0,3,24,48.21,0
2,31,1,0,4,0,1,0,0,1,NULL,0.00,1
2,20,1,1,4,0,6,0,0,4,15,75.29,0
1,21,1,1,4,0,6,0,0,3,10,55.11,0
2,21,1,1,2,0,3,0,0,5,23,67.09,0
1,22,1,0,3,0,4,1,1,1,12,65.95,0
1,17,1,1,2,0,1,0,1,6,19,54.50,1
1,118,1,0,3,0,5,0,0,1,5,0.00,1
2,118,1,0,3,0,5,0,0,1,0,0.00,1
1,19,1,0,4,0,1,0,0,3,16,61.12,1
1,33,1,0,3,0,5,0,0,4,16,73.82,1
1,19,1,1,4,0,6,0,0,5,27,76.42,0
2,20,1,0,3,0,5,0,0,4,27,76.12,1
2,18,1,0,4,0,1,0,0,6,19,48.91,1
1,21,1,0,4,0,7,1,1,8,19,73.29,0
2,20,1,1,4,0,6,0,0,5,27,74.37,0
2,23,1,0,1,0,2,1,1,1,5,68.18,1
1,18,1,1,1,0,1,1,1,5,21,45.89,1
2,23,1,1,2,0,3,0,0,1,5,66.41,0
1,19,1,1,2,0,1,0,1,5,27,76.53,1
2,23,1,0,4,0,7,0,1,7,18,72.37,0
1,25,1,1,4,0,6,0,0,5,26,79.20,0
2,118,1,0,4,0,1,0,0,1,80,0.00,1
1,24,1,1,1,0,1,1,1,5,26,84.56,0
2,35,1,1,2,0,1,0,1,2,6,0.00,1
2,32,1,0,1,0,2,1,1,4,16,77.31,1
2,19,1,0,4,0,7,0,1,8,26,44.31,0
2,23,1,1,4,0,6,0,0,5,28,71.00,0
1,19,1,0,3,0,4,1,1,5,27,70.95,0
1,23,1,1,1,0,1,1,1,5,28,50.64,1
2,20,1,1,4,0,6,0,0,5,27,68.61,0
1,21,1,0,3,0,4,1,1,6,19,46.00,0
1,19,1,1,2,0,3,0,0,2,9,41.86,0
2,118,1,1,2,0,1,0,1,1,3,0.00,1
1,28,1,0,4,0,1,0,0,1,0,83.81,0
2,32,5,0,3,0,5,0,0,1,NULL,0.00,1
2,26,1,0,4,0,1,0,0,1,16,78.81,1
2,20,1,0,3,0,5,0,0,1,6,71.50,1
2,22,1,0,3,0,4,1,1,8,20,62.62,0
2,20,1,0,1,0,2,1,1,5,27,64.57,1
2,33,1,0,3,0,4,1,1,4,16,79.60,0
2,19,1,0,3,0,4,1,1,2,9,45.00,0
1,25,1,0,4,0,1,0,0,2,16,72.02,1
2,20,1,0,3,0,5,0,0,3,12,73.85,1
2,24,1,0,4,0,7,1,1,3,24,86.95,0
1,21,1,1,2,0,3,0,0,4,10,71.71,0
1,23,1,0,4,0,7,0,1,1,10,83.32,0
2,118,1,0,3,0,4,1,1,1,5,0.00,0
1,118,1,1,2,0,1,0,1,1,10,0.00,1
1,19,1,0,4,0,1,0,0,5,27,77.16,1
1,18,1,0,3,0,5,0,0,6,19,47.82,1
1,19,1,0,3,0,5,0,0,4,16,61.06,1
2,23,1,1,2,0,3,0,0,4,12,57.16,0
2,23,1,0,4,0,7,1,1,7,22,82.18,0
2,20,1,0,3,0,4,1,1,5,19,32.56,0
2,118,1,0,3,0,4,1,1,5,23,59.44,0
1,25,1,0,4,0,1,0,0,4,27,68.85,1
2,19,1,1,4,0,6,0,0,3,11,60.13,0
2,22,1,1,1,0,1,1,1,4,27,78.12,1
2,23,1,0,4,0,7,0,1,7,17,59.57,0
1,26,1,0,3,0,4,1,1,2,25,42.15,0
1,27,1,0,3,0,5,0,0,1,5,79.63,0
1,19,1,0,4,0,7,1,1,3,12,46.71,0
1,118,1,1,2,0,1,0,1,1,5,0.00,1
2,22,1,0,4,0,1,0,0,5,19,61.02,1
2,18,1,1,4,0,6,0,0,6,19,50.18,0
2,27,1,0,4,0,7,0,1,2,16,70.32,0
2,25,1,1,4,0,6,0,0,2,7,31.31,0
1,19,1,1,2,0,1,0,1,5,17,45.90,1
2,25,1,0,1,0,2,1,1,2,21,75.65,1
1,22,1,1,1,0,1,1,1,3,24,69.04,1
2,23,1,0,4,0,1,0,0,3,14,59.06,1
2,23,1,0,4,0,7,1,1,3,24,73.87,0
2,19,1,1,1,0,1,1,1,1,5,43.83,1
2,118,1,1,1,0,1,1,1,1,10,0.00,1
1,23,1,1,2,0,1,0,1,2,12,31.63,1
2,20,1,0,4,0,7,0,1,6,19,41.70,0
1,26,1,0,4,0,7,1,1,4,27,69.75,0
2,34,1,0,3,0,5,0,0,1,NULL,0.00,1
1,20,1,1,2,0,3,0,0,1,6,72.00,0
2,20,1,1,1,0,1,1,1,3,17,65.85,1
1,26,1,1,4,0,6,0,0,1,16,82.19,0
1,24,1,0,4,0,7,0,1,8,30,78.85,0
2,118,1,0,4,0,7,1,1,1,16,0.00,0
2,24,1,1,2,0,1,0,1,8,30,71.29,1
2,26,1,0,3,0,4,1,1,3,8,60.48,0
1,23,1,0,3,0,5,0,0,1,10,86.77,0
1,25,1,0,1,0,2,1,1,2,19,42.53,1
1,23,1,0,1,0,2,1,1,5,28,71.43,1
2,19,1,1,1,0,1,1,1,6,19,50.13,1
2,18,1,0,3,0,5,0,0,5,21,41.44,1
1,19,1,1,2,0,1,0,1,4,16,68.76,1
1,24,1,1,2,0,1,0,1,2,6,61.31,1
2,25,1,0,3,0,4,1,1,2,21,75.40,0
2,30,1,0,4,0,7,1,1,2,24,45.50,0
2,24,1,1,4,0,6,0,0,2,16,71.63,0
2,20,1,0,1,0,2,1,1,5,27,76.05,1
2,28,1,0,3,0,4,1,1,8,30,70.78,0
1,19,1,0,4,0,1,0,0,5,23,60.50,1
2,26,1,0,4,0,1,0,0,1,16,80.40,0
2,18,1,1,1,0,1,1,1,6,19,48.00,1
2,118,1,0,3,0,4,1,1,1,5,0.00,0
2,22,1,0,4,0,7,1,1,5,28,73.89,0
1,49,1,0,4,0,7,1,1,1,NULL,0.00,0
1,21,1,0,3,0,4,1,1,4,27,71.38,0
1,18,1,0,3,0,5,0,0,4,17,38.75,1
2,25,1,1,4,0,6,0,0,5,14,82.46,0
2,19,1,1,1,0,1,1,1,5,21,44.56,1
2,24,1,1,1,0,1,1,1,3,21,83.98,0
2,19,1,0,3,0,4,1,1,6,19,47.00,0
2,30,1,0,1,0,2,1,1,5,9,44.45,1
2,19,1,1,2,0,3,0,0,3,12,47.79,0
1,24,1,1,2,0,1,0,1,1,5,79.21,0
1,20,1,1,2,0,3,0,0,6,19,44.67,0
2,19,1,0,3,0,4,1,1,2,12,63.50,0
2,23,1,1,4,0,6,0,0,3,6,74.22,0
2,20,1,1,2,0,1,0,1,2,8,60.00,1
2,24,1,1,1,0,1,1,1,3,24,76.15,1
2,19,1,0,4,0,7,0,1,5,27,73.58,0
2,28,1,1,4,0,6,0,0,1,30,69.42,0
2,31,1,0,1,0,2,1,1,1,3,75.45,1
2,22,1,0,3,0,5,0,0,5,23,71.07,1
1,25,1,0,3,0,5,0,0,1,5,82.34,0
1,21,1,0,1,0,2,1,1,5,17,64.56,1
1,24,1,0,3,0,5,0,0,3,37,71.93,1
1,18,1,0,4,0,7,0,1,5,21,44.78,0
2,18,1,0,4,0,7,0,1,5,19,37.44,0
2,24,1,0,1,0,2,1,1,4,11,48.00,1
1,19,1,0,3,0,4,1,1,6,19,45.18,0
1,18,1,1,1,0,1,1,1,8,26,71.25,1
2,30,1,1,1,0,1,1,1,6,24,94.76,0
2,25,1,0,4,0,7,1,1,7,18,61.92,0
2,118,1,0,4,0,7,0,1,1,0,0.00,0
1,23,1,1,2,0,1,0,1,5,14,88.83,0
2,22,1,1,2,0,1,0,1,3,11,65.09,1
1,19,1,0,4,0,7,0,1,2,11,70.69,0
1,20,1,0,4,0,7,1,1,3,15,63.00,0
2,32,1,0,4,0,7,0,1,3,12,42.57,0
1,19,1,0,3,0,5,0,0,3,11,57.63,1
2,118,1,1,2,0,1,0,1,1,80,0.00,1
1,118,1,0,1,0,2,1,1,1,3,0.00,1
1,30,1,0,4,0,1,0,0,3,0,61.02,1
1,118,1,1,4,0,6,0,0,1,5,0.00,0
2,22,1,1,2,0,1,0,1,4,25,70.09,1
1,23,1,0,4,0,7,1,1,8,20,67.50,0
1,21,1,1,2,0,3,0,0,3,12,60.59,0
2,22,1,1,2,0,1,0,1,5,28,70.97,1
1,20,1,0,4,0,7,0,1,5,21,42.78,0
1,19,1,0,4,0,7,1,1,4,16,70.59,0
2,20,1,1,2,0,3,0,0,6,19,54.33,0
1,19,1,0,4,0,7,0,1,6,21,51.09,0
1,25,1,0,4,0,7,1,1,1,0,0.00,0
1,19,1,0,4,0,7,1,1,7,24,61.57,0
2,19,1,1,2,0,3,0,0,7,23,43.18,0
2,20,1,0,4,0,7,0,1,6,19,46.91,0
1,24,1,0,4,0,1,0,0,1,16,77.13,1
1,118,1,1,2,0,3,0,0,1,0,0.00,0
2,19,1,0,4,0,7,0,1,4,14,55.33,0
2,24,1,1,1,0,1,1,1,5,13,72.46,1
1,18,1,0,4,0,7,1,1,8,26,43.25,0
1,24,1,1,4,0,6,0,0,1,8,78.53,0
1,21,1,0,4,0,7,1,1,4,27,75.58,0
2,21,1,0,3,0,4,1,1,6,23,56.64,0
2,118,1,0,4,0,7,1,1,1,0,0.00,0
1,23,1,0,4,0,7,0,1,2,18,62.20,0
2,19,1,0,4,0,1,0,0,5,23,67.53,1
1,25,1,0,4,0,7,0,1,1,16,75.80,0
1,23,1,0,3,0,5,0,0,2,16,75.64,1
2,19,1,1,2,0,3,0,0,5,17,45.60,0
2,20,1,0,4,0,7,0,1,5,17,35.89,0
1,118,1,1,4,0,6,0,0,1,16,0.00,0
2,21,1,1,2,0,1,0,1,3,29,74.00,1
2,19,1,1,1,0,1,1,1,8,26,43.92,1
2,28,1,1,1,0,1,1,1,1,3,70.32,1
1,19,1,1,2,0,3,0,0,3,13,60.33,0
2,20,1,0,3,0,5,0,0,6,19,52.55,1
2,23,1,0,4,0,7,1,1,2,16,70.63,0
1,19,1,0,4,0,1,0,0,6,19,50.00,1
2,23,1,1,2,0,1,0,1,2,21,77.56,1
2,19,1,0,4,0,7,1,1,6,19,33.78,0
2,20,1,0,1,0,2,1,1,5,27,71.89,1
1,21,1,0,3,0,4,1,1,6,18,79.43,0
1,22,1,1,2,0,3,0,0,5,28,81.97,0
2,21,1,0,4,0,7,0,1,3,13,54.42,0
2,24,1,0,3,0,4,1,1,2,18,40.17,0
2,25,1,1,2,0,1,0,1,1,0,67.59,1
1,22,1,0,3,0,4,1,1,6,19,37.33,0
2,26,1,0,4,0,7,0,1,2,16,66.96,0
2,22,1,1,2,0,3,0,0,5,17,75.32,0
2,18,1,0,1,0,2,1,1,5,21,46.11,1
2,118,1,0,4,0,1,0,0,1,5,0.00,1
1,23,1,0,1,0,2,1,1,3,24,78.85,1
2,20,1,0,3,0,5,0,0,1,6,56.55,1
2,20,1,1,4,0,6,0,0,7,20,66.47,0
2,18,1,0,4,0,7,0,1,5,21,47.50,0
1,22,1,0,4,0,7,0,1,6,17,57.82,0
2,22,1,0,3,0,5,0,0,8,19,73.70,1
1,19,1,0,1,0,2,1,1,3,11,52.75,1
2,21,1,1,2,0,1,0,1,2,25,65.71,1
1,19,1,1,1,0,1,1,1,8,26,45.63,1
1,21,1,1,2,0,1,0,1,2,18,70.10,1
1,25,1,0,4,0,1,0,0,2,16,64.39,1
1,22,1,0,4,0,1,0,0,7,22,79.41,0
2,24,1,0,3,0,5,0,0,1,10,86.13,0
1,23,1,0,4,0,1,0,0,3,24,64.45,1
2,118,1,1,2,0,3,0,0,1,5,0.00,0
1,20,1,0,4,0,7,1,1,5,21,34.33,0
2,20,1,0,1,0,2,1,1,4,14,66.81,1
1,30,1,0,3,0,4,1,1,1,0,87.89,0
1,18,1,1,1,0,1,1,1,5,21,42.33,1
2,20,1,1,2,0,3,0,0,6,19,45.78,0
1,20,1,0,3,0,4,1,1,2,14,70.89,0
2,22,1,0,4,0,1,0,0,5,28,80.44,0
2,18,1,0,3,0,4,1,1,6,19,47.82,0
1,21,1,1,4,0,6,0,0,3,24,66.17,0
2,19,1,1,4,0,6,0,0,3,11,51.50,0
1,22,1,0,3,0,4,1,1,7,18,76.31,0
1,25,1,1,2,0,1,0,1,3,24,66.24,1
1,21,1,0,4,0,7,1,1,6,31,37.68,0
1,23,1,1,2,0,3,0,0,2,8,65.40,0
2,23,1,0,3,0,4,1,1,5,26,83.81,0
2,26,1,0,4,0,7,0,1,3,24,68.19,0
2,21,1,0,3,0,5,0,0,3,24,70.65,1
1,24,1,1,4,0,6,0,0,3,80,0.00,0
2,21,1,0,4,0,7,1,1,3,29,68.77,0
2,19,1,1,2,0,3,0,0,5,23,61.93,0
1,21,1,0,3,0,4,1,1,3,24,70.57,0
1,19,1,1,4,0,6,0,0,2,10,55.20,0
1,19,1,0,4,0,7,1,1,3,9,57.33,0
1,22,1,1,1,0,1,1,1,3,24,64.48,1
1,23,1,0,3,0,5,0,0,4,17,57.88,1
2,20,1,0,1,0,2,1,1,2,12,64.06,1
2,27,1,0,4,0,7,0,1,5,17,69.88,0
1,18,1,1,4,0,6,0,0,6,19,51.00,0
2,19,1,1,4,0,6,0,0,5,21,51.11,0
2,22,1,1,2,0,3,0,0,3,29,70.35,0
2,19,1,0,1,0,2,1,1,8,26,34.75,1
2,22,1,0,3,0,4,1,1,5,26,75.29,0
1,20,1,0,1,0,2,1,1,2,11,61.50,1
1,21,1,1,1,0,1,1,1,3,29,72.32,1
1,24,1,0,4,0,7,1,1,2,16,71.92,0
2,22,1,0,3,0,4,1,1,5,28,69.15,0
2,20,1,0,1,0,2,1,1,4,17,39.22,1
1,22,1,0,4,0,1,0,0,4,27,79.73,0
1,20,1,1,2,0,1,0,1,3,17,66.40,1
2,21,1,0,3,0,5,0,0,4,17,54.50,1
2,21,1,0,3,0,5,0,0,3,24,66.79,1
2,27,1,1,2,0,3,0,0,1,16,74.08,0
2,18,1,0,4,0,1,0,0,6,19,12.92,1
2,18,1,0,3,0,4,1,1,6,19,52.11,0
1,18,1,1,2,0,3,0,0,5,21,55.14,0
2,18,1,1,4,0,6,0,0,6,19,52.64,0
2,23,1,1,2,0,3,0,0,1,5,53.30,0
2,26,1,1,2,0,3,0,0,8,19,76.04,0
1,118,1,1,2,0,3,0,0,6,19,51.67,0
1,22,1,1,1,0,1,1,1,8,31,70.06,1
1,44,1,1,4,0,6,0,0,4,16,80.83,0
1,24,1,0,4,0,7,0,1,7,22,81.52,0
1,21,1,0,3,0,4,1,1,1,4,44.79,0
1,23,1,1,2,0,3,0,0,5,26,77.49,0
1,22,1,1,4,0,6,0,0,3,7,69.41,0
1,20,1,1,2,0,1,0,1,4,16,65.55,1
2,25,1,1,4,0,6,0,0,1,3,56.67,0
2,19,1,1,2,0,1,0,1,4,15,60.27,1
2,20,1,1,2,0,3,0,0,4,21,55.06,0
2,22,1,0,1,0,2,1,1,3,22,69.00,1
1,25,1,0,4,0,7,1,1,1,16,74.57,0
1,22,1,1,1,0,1,1,1,5,26,87.54,0
1,19,1,0,3,0,5,0,0,4,12,48.00,1
2,19,1,1,1,0,1,1,1,6,19,54.00,1
1,118,1,1,1,0,1,1,1,1,5,0.00,1
1,24,1,1,2,0,1,0,1,2,18,48.03,1
1,21,1,0,1,0,2,1,1,7,21,77.33,1
1,19,1,0,4,0,1,0,0,6,19,40.22,1
2,118,1,0,4,0,7,0,1,1,0,0.00,0
1,21,1,1,2,0,3,0,0,5,17,63.21,0
1,23,1,1,4,0,6,0,0,2,25,59.60,0
2,22,1,1,2,0,1,0,1,3,17,64.69,1
2,30,1,0,4,0,1,0,0,3,13,46.57,1
2,19,1,1,2,0,1,0,1,3,11,57.29,1
1,29,1,0,4,0,1,0,0,2,0,77.11,1
1,24,1,0,4,0,7,1,1,6,20,70.29,0
1,20,1,0,3,0,5,0,0,3,12,48.93,1
1,118,1,0,3,0,5,0,0,1,5,0.00,1
1,28,1,0,3,0,5,0,0,1,5,67.08,1
2,25,1,1,2,0,3,0,0,5,23,69.59,0
2,33,1,1,1,0,1,1,1,4,16,71.93,1
1,21,1,1,2,0,3,0,0,3,29,69.78,0
1,22,1,0,1,0,2,1,1,3,29,73.03,1
1,21,1,0,3,0,4,1,1,6,19,44.64,0
1,24,1,1,1,0,1,1,1,3,24,66.92,1
2,21,1,0,3,0,4,1,1,8,31,34.83,0
2,33,1,0,3,0,5,0,0,6,19,52.00,1
2,23,1,0,1,0,2,1,1,3,24,57.79,1
1,25,1,0,4,0,7,1,1,4,27,53.20,0
2,23,1,0,4,0,7,1,1,7,22,76.60,0
2,21,1,0,3,0,4,1,1,4,12,56.35,0
1,30,1,0,4,0,7,0,1,5,18,39.65,0
2,21,1,0,4,0,7,1,1,3,24,71.38,0
1,21,1,1,4,0,6,0,0,1,9,68.97,0
2,21,1,1,1,0,1,1,1,4,16,67.41,1
1,24,1,0,3,0,5,0,0,8,30,76.02,1
2,21,1,1,2,0,3,0,0,2,10,56.33,0
1,19,1,0,4,0,1,0,0,4,15,55.62,1
2,21,1,1,1,0,1,1,1,3,12,62.90,1
2,21,1,0,3,0,4,1,1,3,15,56.71,0
1,22,1,1,2,0,1,0,1,7,18,74.29,1
1,21,1,1,2,0,1,0,1,6,20,68.92,1
2,20,1,0,4,0,7,1,1,4,16,69.17,0
2,20,1,1,1,0,1,1,1,4,15,46.79,1
2,23,1,1,4,0,6,0,0,8,30,75.45,0
2,32,1,0,1,0,2,1,1,4,27,60.82,1
1,20,1,1,1,0,1,1,1,3,9,68.33,1
2,21,1,0,4,0,7,0,1,4,13,63.70,0
1,24,1,1,2,0,1,0,1,3,24,75.02,1
2,20,1,0,1,0,2,1,1,4,16,65.35,1
2,118,1,0,3,0,5,0,0,1,5,0.00,1
2,22,1,0,4,0,1,0,0,3,11,44.79,1
2,24,1,0,4,0,7,1,1,5,23,53.91,0
1,118,1,1,2,0,1,0,1,1,3,0.00,1
2,19,1,1,4,0,6,0,0,1,5,64.13,0
2,19,1,0,4,0,1,0,0,6,19,44.73,1
2,23,1,0,4,0,7,0,1,2,9,27.67,0
2,118,1,0,4,0,1,0,0,1,5,0.00,1
2,20,1,1,2,0,3,0,0,5,21,44.22,0
2,21,1,0,3,0,4,1,1,2,12,61.85,0
2,19,1,0,3,0,5,0,0,5,21,44.00,1
2,19,1,1,1,0,1,1,1,6,19,47.91,1
2,23,1,1,2,0,3,0,0,5,14,86.55,0
1,23,1,1,2,0,3,0,0,3,12,48.18,0
1,18,1,0,3,0,4,1,1,6,19,47.00,0
2,21,1,0,4,0,7,0,1,4,27,63.00,0
2,18,1,0,3,0,4,1,1,4,17,46.42,0
2,29,1,1,4,0,6,0,0,1,8,78.89,0
2,118,1,0,3,0,4,1,1,1,0,0.00,0
2,118,1,1,2,0,3,0,0,1,5,0.00,0
2,30,1,0,4,0,1,0,0,1,0,78.11,1
2,19,1,0,4,0,1,0,0,2,8,56.62,1
2,26,1,0,4,0,7,0,1,7,18,67.78,0
1,26,1,0,4,0,1,0,0,5,16,66.06,1
2,22,1,0,1,0,2,1,1,3,29,71.26,1
1,22,1,1,2,0,3,0,0,6,31,60.74,0
1,19,1,1,1,0,1,1,1,5,21,49.56,1
2,20,1,0,3,0,4,1,1,4,13,43.40,0
2,22,1,0,4,0,1,0,0,5,28,72.50,1
1,18,1,0,4,0,7,1,1,4,15,75.94,0
2,26,1,0,4,0,7,0,1,3,24,65.30,0
1,118,1,0,3,0,4,1,1,1,15,0.00,0
2,22,1,0,1,0,2,1,1,5,4,69.61,1
1,19,1,0,3,0,4,1,1,1,4,44.00,0
1,118,1,1,1,0,1,1,1,2,0,0.00,1
1,19,1,1,2,0,3,0,0,4,15,55.33,0
2,23,1,1,2,0,1,0,1,3,24,74.46,1
1,18,1,1,4,0,6,0,0,6,19,47.18,0
1,27,1,1,1,0,1,1,1,1,5,42.39,1
2,22,1,1,4,0,6,0,0,1,9,64.58,0
1,22,1,0,4,0,7,1,1,5,14,82.60,0
2,23,1,0,4,0,7,0,1,5,26,97.44,0
2,25,1,0,3,0,4,1,1,2,7,52.75,0
1,23,1,0,1,0,2,1,1,5,26,84.69,0
2,20,1,0,3,0,4,1,1,2,9,52.00,0
1,22,1,1,4,0,6,0,0,7,12,74.88,0
1,26,1,1,2,0,3,0,0,5,13,68.76,0
2,19,1,0,4,0,1,0,0,5,23,67.86,1
2,20,1,1,2,0,1,0,1,5,18,59.00,1
1,22,1,1,2,0,3,0,0,5,16,82.22,0
2,23,1,1,2,0,3,0,0,8,20,62.29,0
2,26,1,1,1,0,1,1,1,3,29,47.93,1
2,40,1,0,1,0,2,1,1,4,15,57.16,1
1,21,1,1,1,0,1,1,1,1,4,55.18,1
2,21,1,0,4,0,1,0,0,3,29,68.61,1
2,21,1,0,3,0,5,0,0,4,15,70.53,1
2,20,1,0,4,0,1,0,0,4,25,68.29,1
1,22,1,0,4,0,1,0,0,7,17,65.25,1
1,22,1,0,3,0,4,1,1,5,28,68.79,0
2,23,1,1,2,0,3,0,0,5,16,74.68,0
1,25,1,0,1,0,2,1,1,5,13,71.67,1
1,31,1,0,3,0,5,0,0,2,16,75.86,1
1,24,1,0,4,0,7,0,1,2,16,74.89,0
2,25,1,1,1,0,1,1,1,3,24,69.36,1
1,21,1,1,2,0,1,0,1,4,27,78.23,1
2,24,1,0,3,0,5,0,0,3,24,75.19,1
2,20,1,0,4,0,7,1,1,3,11,54.19,0
2,28,1,1,2,0,1,0,1,1,16,79.61,0
1,23,1,1,2,0,3,0,0,1,1,77.72,0
1,25,1,0,4,0,7,0,1,7,20,61.46,0
1,118,1,0,3,0,4,1,1,1,15,0.00,0
1,22,1,1,1,0,1,1,1,8,19,69.85,1
1,118,1,0,4,0,7,1,1,2,0,0.00,0
2,21,1,0,3,0,4,1,1,3,13,61.87,0
1,22,1,1,1,0,1,1,1,3,29,71.94,1
2,23,1,0,3,0,4,1,1,8,20,69.38,0
2,118,1,1,2,0,1,0,1,1,0,0.00,1
1,31,1,1,2,0,1,0,1,1,5,79.37,0
1,25,1,0,4,0,7,0,1,2,16,79.94,0
2,26,1,1,2,0,3,0,0,1,16,73.51,0
1,20,1,0,4,0,7,1,1,7,20,60.35,0
2,20,1,1,2,0,1,0,1,3,24,68.79,1
2,23,1,1,2,0,1,0,1,1,3,0.00,1
2,21,1,1,2,0,1,0,1,3,24,69.21,1
1,22,1,1,4,0,6,0,0,5,14,73.78,0
2,22,1,1,2,0,3,0,0,4,17,48.87,0
2,28,1,1,2,0,3,0,0,1,5,76.70,0
2,27,1,0,3,0,4,1,1,3,24,76.91,0
1,25,1,0,4,0,1,0,0,2,16,68.43,1
2,24,1,0,4,0,7,0,1,3,10,60.79,0
2,22,1,1,1,0,1,1,1,5,12,72.05,1
2,21,1,1,2,0,1,0,1,5,23,59.56,1
2,23,1,0,4,0,7,1,1,7,18,72.39,0
2,22,1,1,1,0,1,1,1,3,29,68.67,1
1,18,1,0,3,0,5,0,0,5,21,46.29,1
1,20,1,1,4,0,6,0,0,4,15,56.83,0
2,118,1,0,4,0,1,0,0,1,3,0.00,1
2,32,1,0,3,0,4,1,1,1,0,0.00,0
1,27,1,0,3,0,4,1,1,2,21,79.76,0
2,26,1,0,1,0,2,1,1,1,16,76.61,1
2,23,1,1,1,0,1,1,1,6,27,53.75,1
2,20,1,0,3,0,4,1,1,4,13,59.10,0
1,20,1,1,1,0,1,1,1,6,19,50.91,1
1,22,1,0,4,0,1,0,0,3,29,76.33,1
2,20,1,0,4,0,7,0,1,3,29,71.94,0
2,20,1,0,4,0,1,0,0,3,9,66.89,1
1,18,1,1,2,0,3,0,0,5,21,45.25,0
2,25,1,0,1,0,2,1,1,1,5,57.68,1
1,20,1,0,3,0,5,0,0,3,24,65.08,1
1,18,1,0,1,0,2,1,1,5,21,47.22,1
1,23,1,1,2,0,3,0,0,1,5,67.57,0
1,118,1,0,3,0,4,1,1,1,5,0.00,0
2,22,1,0,1,0,2,1,1,1,12,71.40,1
2,23,1,1,2,0,1,0,1,3,29,67.00,1
1,20,1,0,3,0,4,1,1,6,19,53.45,0
2,24,1,1,2,0,3,0,0,2,16,77.45,0
1,118,1,0,3,0,4,1,1,1,80,0.00,0
1,21,1,0,3,0,5,0,0,4,27,72.62,1
1,19,1,0,1,0,2,1,1,3,11,43.61,1
1,19,1,0,3,0,5,0,0,4,16,55.31,1
2,38,1,0,1,0,2,1,1,7,22,60.72,1
1,23,1,0,4,0,1,0,0,5,26,81.40,0
1,22,1,0,1,0,2,1,1,2,10,53.16,1
1,20,1,1,2,0,1,0,1,4,27,76.54,1
2,21,1,1,2,0,1,0,1,5,21,33.88,1
2,32,1,0,3,0,5,0,0,5,27,48.85,1
1,25,1,0,3,0,5,0,0,2,21,77.46,1
2,22,1,0,4,0,7,0,1,3,29,63.97,0
2,24,1,0,4,0,1,0,0,3,24,73.85,1
1,24,1,1,2,0,1,0,1,3,29,67.35,1
1,25,1,0,3,0,5,0,0,5,17,58.74,1
1,18,1,0,3,0,5,0,0,6,19,44.00,1
2,19,1,1,1,0,1,1,1,6,19,41.73,1
2,20,1,1,2,0,1,0,1,5,23,59.81,1
2,21,1,0,3,0,5,0,0,5,14,67.69,1
2,118,1,1,2,0,3,0,0,1,15,0.00,0
2,18,1,0,3,0,4,1,1,5,21,46.11,0
1,17,1,0,3,0,5,0,0,6,19,50.00,1
2,20,1,0,3,0,5,0,0,4,27,72.31,1
1,23,1,0,4,0,1,0,0,5,23,71.76,1
1,35,1,1,2,0,1,0,1,6,24,93.05,0
2,22,1,0,4,0,1,0,0,2,25,65.11,1
1,18,1,0,3,0,5,0,0,6,19,45.45,1
2,20,1,1,1,0,1,1,1,3,10,19.71,1
1,36,1,0,3,0,4,1,1,6,24,92.00,0
2,118,1,0,4,0,1,0,0,1,0,0.00,1
1,32,1,1,4,0,6,0,0,1,0,75.44,0
2,19,1,0,4,0,7,1,1,1,4,52.93,0
2,118,1,1,4,0,6,0,0,2,0,0.00,0
2,20,1,1,1,0,1,1,1,3,24,63.22,1
1,24,1,0,4,0,7,0,1,7,18,69.63,0
1,21,1,0,3,0,4,1,1,3,9,68.71,0
2,21,1,0,3,0,5,0,0,3,14,54.46,1
1,20,1,1,4,0,6,0,0,6,19,52.09,0
2,26,1,1,2,0,1,0,1,2,12,63.55,1
2,18,1,0,3,0,4,1,1,5,27,71.26,0
2,31,1,1,1,0,1,1,1,2,14,70.52,1
1,20,1,0,3,0,5,0,0,3,9,64.00,1
1,20,1,1,2,0,3,0,0,4,27,75.42,0
2,24,1,0,4,0,7,1,1,2,16,69.57,0
1,23,1,1,1,0,1,1,1,5,12,70.26,1
1,25,1,0,4,0,1,0,0,3,37,81.16,0
1,20,1,0,1,0,2,1,1,1,4,59.27,1
2,37,1,0,4,0,1,0,0,4,16,73.63,1
2,24,1,0,4,0,1,0,0,3,24,77.87,1
1,21,1,1,4,0,6,0,0,7,20,60.63,0
2,22,1,1,2,0,1,0,1,3,12,62.70,1
1,20,1,0,4,0,1,0,0,6,19,48.09,1
1,18,1,0,3,0,4,1,1,6,19,45.45,0
2,24,1,1,1,0,1,1,1,1,9,76.69,1
2,33,1,1,4,0,6,0,0,8,32,19.50,0
2,19,1,1,2,0,1,0,1,3,12,55.42,1
1,25,1,0,4,0,7,0,1,2,21,78.98,0
1,25,1,0,4,0,7,0,1,5,14,79.22,0
2,22,1,1,4,0,6,0,0,3,12,64.92,0
2,29,1,1,1,0,1,1,1,1,0,64.67,1
1,18,1,1,2,0,1,0,1,5,21,42.56,1
2,23,1,1,1,0,1,1,1,1,0,83.79,0
1,22,1,0,4,0,1,0,0,5,26,84.22,0
1,30,1,0,4,0,7,1,1,1,3,59.19,0
2,22,1,0,4,0,7,1,1,1,12,67.91,0
1,20,1,1,2,0,3,0,0,4,15,72.76,0
2,18,1,1,2,0,3,0,0,5,21,13.60,0
2,23,1,0,4,0,7,1,1,5,23,69.42,0
1,29,1,1,2,0,1,0,1,4,16,48.50,1
2,118,1,1,2,0,1,0,1,1,5,0.00,1
2,118,1,1,1,0,1,1,1,1,80,0.00,1
2,21,1,0,3,0,5,0,0,5,23,58.81,1
2,18,1,0,4,0,7,1,1,6,19,46.18,0
1,21,1,1,4,0,6,0,0,8,19,71.89,0
2,20,1,1,2,0,1,0,1,5,23,67.00,1
2,22,1,0,1,0,2,1,1,5,15,60.57,1
2,19,1,0,3,0,5,0,0,6,19,48.33,1
1,19,1,0,1,0,2,1,1,3,13,36.25,1
2,19,1,0,3,0,5,0,0,3,9,45.46,1
1,19,1,1,4,0,6,0,0,6,19,44.09,0
2,20,1,0,3,0,5,0,0,5,16,70.09,1
2,19,1,0,4,0,7,0,1,4,15,61.08,0
2,28,2,0,4,0,1,0,0,3,13,26.67,1
1,22,1,1,2,0,1,0,1,4,16,58.80,1
1,19,1,1,4,0,6,0,0,3,9,45.45,0
1,29,1,1,4,0,6,0,0,1,0,59.03,0
1,25,1,0,4,0,7,0,1,3,24,73.91,0
1,118,1,0,1,0,2,1,1,2,25,0.00,1
1,37,1,0,4,0,7,1,1,6,24,79.18,0
1,22,1,0,1,0,2,1,1,8,20,69.78,1
1,24,1,1,4,0,6,0,0,4,14,66.43,0
1,21,1,0,4,0,1,0,0,3,12,46.92,1
2,21,1,0,4,0,7,0,1,5,11,71.26,0
2,25,1,0,4,0,1,0,0,2,21,84.79,0
2,20,1,0,4,0,1,0,0,6,19,68.33,1
2,22,1,1,4,0,6,0,0,7,18,74.22,0
1,21,1,0,4,0,1,0,0,3,22,67.73,1
2,22,1,0,3,0,4,1,1,5,26,86.59,0
1,20,1,1,2,0,3,0,0,5,23,56.57,0
1,21,1,0,1,0,2,1,1,6,20,74.03,1
1,21,1,1,1,0,1,1,1,4,27,79.15,0
2,20,1,0,3,0,4,1,1,3,12,61.00,0
2,20,1,1,4,0,6,0,0,1,5,60.75,0
1,23,1,1,2,0,3,0,0,2,16,81.30,0
2,24,1,1,2,0,1,0,1,3,29,35.33,1
2,21,1,0,4,0,1,0,0,3,29,70.03,1
1,19,1,1,2,0,3,0,0,5,27,70.11,0
1,22,1,0,4,0,7,0,1,4,27,68.52,0
1,20,1,1,2,0,1,0,1,3,16,49.54,1
1,23,1,0,1,0,2,1,1,2,15,61.89,1
2,25,1,0,4,0,7,0,1,7,22,85.33,0
2,20,1,0,4,0,7,1,1,2,18,76.30,0
2,25,1,1,4,0,6,0,0,2,21,77.34,0
1,22,1,0,4,0,7,1,1,5,12,57.39,0
2,18,1,0,4,0,1,0,0,6,19,49.18,1
2,19,1,1,2,0,1,0,1,1,5,44.92,1
2,118,1,1,1,0,1,1,1,1,5,0.00,1
1,21,1,0,3,0,5,0,0,2,7,48.43,1
2,20,1,0,3,0,5,0,0,5,23,59.07,1
1,118,1,1,4,0,6,0,0,1,0,0.00,0
1,21,1,0,1,0,2,1,1,6,19,44.18,1
2,22,1,1,4,0,6,0,0,3,17,66.78,0
1,26,1,1,1,0,1,1,1,3,17,41.97,1
2,22,1,0,1,0,2,1,1,4,27,75.19,1
2,23,1,1,2,0,1,0,1,5,23,76.20,1
2,19,1,0,4,0,7,1,1,2,7,60.85,0
2,21,1,1,2,0,3,0,0,5,26,88.63,0
1,22,1,1,2,0,3,0,0,1,5,66.24,0
2,19,1,1,1,0,1,1,1,3,24,67.09,1
2,118,1,1,2,0,1,0,1,1,0,0.00,1
2,19,1,1,4,0,6,0,0,4,15,72.31,0
1,23,1,0,3,0,4,1,1,2,16,79.91,0
2,21,1,0,1,0,2,1,1,4,27,76.73,1
1,118,1,0,3,0,5,0,0,1,5,0.00,1
2,26,1,1,2,0,1,0,1,8,30,71.58,1
2,23,1,0,1,0,2,1,1,3,37,77.96,1
1,118,1,1,2,0,1,0,1,4,16,49.13,1
1,42,1,0,1,0,2,1,1,1,0,77.62,1
2,24,1,0,4,0,7,1,1,5,16,92.69,0
1,32,1,0,4,0,1,0,0,2,0,59.75,1
1,22,1,0,3,0,5,0,0,6,21,56.29,1
1,25,1,0,4,0,1,0,0,2,16,60.68,1
2,22,1,1,1,0,1,1,1,6,31,64.43,1
1,118,1,0,4,0,1,0,0,1,3,0.00,1
1,25,1,1,2,0,3,0,0,8,30,74.58,0
2,20,1,0,4,0,7,0,1,4,15,69.82,0
2,25,1,1,2,0,1,0,1,5,18,78.57,1
2,21,1,0,1,0,2,1,1,3,21,65.59,1
2,19,1,0,3,0,5,0,0,3,14,60.40,1
1,23,1,1,2,0,1,0,1,4,16,56.78,1
2,24,1,1,4,0,6,0,0,1,10,85.96,0
2,24,1,0,4,0,7,1,1,3,24,75.28,0
1,21,1,0,3,0,5,0,0,2,11,57.35,1
1,25,1,0,4,0,7,0,1,4,27,59.47,0
2,118,1,1,2,0,1,0,1,1,0,0.00,1
2,118,1,1,1,0,1,1,1,1,0,0.00,1
1,20,1,0,3,0,5,0,0,6,19,42.22,1
2,19,1,1,1,0,1,1,1,5,19,44.22,1
2,22,1,1,1,0,1,1,1,1,10,79.43,0
2,23,1,0,1,0,2,1,1,5,28,64.71,1
1,19,1,0,1,0,2,1,1,5,23,58.27,1
2,118,1,0,4,0,1,0,0,1,80,0.00,1
1,118,1,1,4,0,6,0,0,1,3,0.00,0
2,25,1,0,4,0,7,1,1,1,16,77.04,0
2,20,1,0,4,0,1,0,0,5,17,43.50,1
1,20,1,0,3,0,5,0,0,3,11,58.43,1
1,118,1,0,3,0,4,1,1,1,0,0.00,0
1,20,1,0,3,0,5,0,0,6,19,33.83,1
2,22,1,0,4,0,1,0,0,7,18,74.82,1
2,23,1,0,4,0,7,0,1,4,13,57.00,0
1,26,1,1,2,0,3,0,0,6,15,52.47,0
1,20,1,0,4,0,1,0,0,3,24,65.36,1
2,24,1,0,4,0,1,0,0,4,27,65.88,1
2,18,1,1,1,0,1,1,1,5,21,47.67,1
1,19,1,1,4,0,6,0,0,5,27,78.37,0
2,19,1,0,3,0,5,0,0,4,16,63.59,1
2,18,1,0,4,0,7,1,1,6,19,53.22,0
1,23,1,1,2,0,1,0,1,2,6,66.40,1
2,20,1,0,4,0,7,0,1,3,11,55.73,0
2,22,1,0,4,0,7,0,1,5,26,92.24,0
2,23,1,0,1,0,2,1,1,3,24,62.66,1
1,21,1,1,1,0,1,1,1,4,17,63.54,1
1,23,1,1,1,0,1,1,1,1,0,86.16,0
1,28,1,0,3,0,4,1,1,2,9,63.55,0
2,33,1,1,2,0,3,0,0,1,10,53.54,0
2,24,1,1,2,0,3,0,0,3,24,79.60,0
2,19,1,0,3,0,4,1,1,6,19,0.00,0
2,21,1,0,4,0,7,1,1,3,11,58.04,0
1,23,1,1,4,0,6,0,0,3,29,70.45,0
1,22,1,0,3,0,4,1,1,3,29,67.47,0
1,21,1,0,4,0,7,0,1,8,19,71.33,0
1,20,1,0,4,0,7,0,1,5,27,75.95,0
1,20,1,0,3,0,5,0,0,4,15,71.82,1
2,26,1,1,4,0,6,0,0,2,21,76.41,0
1,25,1,1,4,0,6,0,0,3,24,76.15,0
1,24,1,1,2,0,3,0,0,5,28,54.41,0
1,19,1,0,3,0,4,1,1,3,24,69.20,0
2,36,1,0,4,0,7,0,1,4,16,49.00,0
2,20,1,1,1,0,1,1,1,1,4,45.70,1
1,18,1,0,3,0,4,1,1,5,21,46.57,0
1,23,1,0,3,0,5,0,0,5,26,79.00,1
2,22,1,0,3,0,5,0,0,5,26,84.68,0
2,23,1,1,2,0,3,0,0,2,16,77.63,0
2,21,1,0,1,0,2,1,1,3,16,73.56,1
2,22,1,0,4,0,7,1,1,5,28,75.47,0
2,21,1,1,1,0,1,1,1,4,17,54.61,1
2,20,1,1,2,0,1,0,1,5,21,49.22,1
1,118,1,0,4,0,7,0,1,1,80,0.00,0
1,22,1,1,4,0,6,0,0,7,22,82.67,0
2,24,1,0,4,0,1,0,0,6,16,70.71,1
2,25,1,0,1,0,2,1,1,3,10,67.91,1
2,19,1,1,4,0,6,0,0,2,12,51.67,0
2,29,1,1,4,0,6,0,0,4,17,61.17,0
2,23,1,0,4,0,7,0,1,2,19,62.64,0
2,23,1,0,4,0,7,0,1,2,9,50.40,0
2,18,1,1,2,0,1,0,1,2,7,80.00,0
2,118,1,0,4,0,7,1,1,2,21,0.00,0
2,18,1,0,1,0,2,1,1,5,21,43.00,1
2,118,1,0,1,0,2,1,1,6,19,47.36,1
1,22,1,1,2,0,3,0,0,3,12,49.07,0
2,18,1,1,2,0,1,0,1,6,19,49.55,1
1,24,1,0,4,0,7,1,1,6,33,46.17,0
1,26,1,1,2,0,1,0,1,4,16,73.67,1
2,22,1,0,3,0,5,0,0,4,27,63.20,1
2,118,1,0,3,0,4,1,1,1,80,0.00,0
1,28,1,0,3,0,4,1,1,1,80,0.00,0
1,18,1,0,4,0,7,1,1,5,21,32.88,0
2,22,1,1,2,0,1,0,1,5,28,73.89,1
1,21,1,0,4,0,1,0,0,5,28,79.83,0
1,23,1,1,2,0,3,0,0,5,26,88.22,0
2,118,1,1,1,0,1,1,1,1,0,0.00,1
1,25,1,0,4,0,7,1,1,2,16,73.73,0
1,19,1,1,2,0,3,0,0,5,27,71.42,0
1,22,1,1,2,0,1,0,1,4,11,71.45,1
1,21,1,0,3,0,4,1,1,2,11,61.87,0
2,20,1,0,4,0,7,0,1,5,28,72.17,0
1,20,1,0,4,0,7,0,1,5,27,68.11,0
2,118,1,1,2,0,1,0,1,1,5,0.00,1
2,22,1,0,3,0,5,0,0,4,27,75.31,1
1,18,1,1,2,0,1,0,1,6,19,50.27,1
2,27,1,0,4,0,1,0,0,3,24,74.14,1
1,20,1,1,1,0,1,1,1,4,27,77.19,1
2,37,1,0,4,0,7,1,1,2,18,32.94,0
2,21,1,0,4,0,7,1,1,2,9,59.08,0
2,25,1,0,4,0,7,1,1,7,20,64.09,0
2,23,1,0,3,0,5,0,0,3,16,44.88,1
1,27,1,0,3,0,5,0,0,4,10,67.49,1
2,22,1,0,4,0,1,0,0,1,9,61.54,1
1,19,1,1,1,0,1,1,1,5,27,72.16,1
2,23,1,1,1,0,1,1,1,2,16,78.45,1
1,23,1,0,3,0,4,1,1,5,28,73.24,0
2,18,1,1,1,0,1,1,1,6,19,45.67,1
2,118,1,0,3,0,5,0,0,1,3,0.00,1
1,23,1,1,1,0,1,1,1,4,20,38.64,1
2,19,1,0,1,0,2,1,1,6,19,46.27,1
2,25,1,1,2,0,3,0,0,3,24,66.54,0
1,29,1,0,4,0,7,1,1,6,24,88.43,0
2,24,1,0,4,0,7,1,1,2,16,71.13,0
1,20,1,1,4,0,6,0,0,6,20,69.44,0
2,23,1,0,3,0,4,1,1,3,24,80.06,0
1,21,1,1,4,0,6,0,0,2,19,71.13,0
1,29,1,0,3,0,5,0,0,3,10,58.71,1
1,23,1,0,3,0,5,0,0,5,23,71.49,1
1,18,1,0,1,0,2,1,1,5,21,32.56,1
1,20,1,1,1,0,1,1,1,6,21,61.30,1
2,23,1,0,4,0,7,0,1,2,16,74.85,0
2,20,1,0,3,0,4,1,1,7,20,62.56,0
1,20,1,1,4,0,6,0,0,3,16,61.33,0
1,22,1,0,3,0,5,0,0,3,29,66.09,1
2,22,1,1,2,0,1,0,1,3,10,58.62,1
2,20,1,1,4,0,6,0,0,5,21,47.22,0
2,23,1,0,3,0,4,1,1,5,26,88.50,0
1,21,1,0,4,0,1,0,0,3,24,67.92,1
1,19,1,1,1,0,1,1,1,5,21,11.40,1
2,22,1,0,3,0,4,1,1,5,23,51.93,0
2,18,1,0,4,0,7,1,1,6,19,46.91,0
1,22,1,0,3,0,5,0,0,5,26,91.32,0
1,21,1,0,1,0,2,1,1,5,26,84.86,0
2,19,1,1,2,0,1,0,1,3,14,68.67,1
1,118,1,1,1,0,1,1,1,1,3,0.00,1
2,118,1,1,2,0,3,0,0,1,5,0.00,0
2,20,1,0,4,0,1,0,0,5,17,57.83,1
1,18,1,0,4,0,7,1,1,6,19,40.67,0
2,33,1,1,1,0,1,1,1,1,5,0.00,1
1,19,1,0,4,0,7,0,1,2,10,52.75,0
2,20,1,0,3,0,4,1,1,3,14,47.15,0
1,118,1,1,4,0,6,0,0,6,19,48.55,0
1,24,1,0,4,0,7,0,1,4,16,66.45,0
2,21,1,1,2,0,1,0,1,4,17,55.50,1
1,19,1,1,2,0,3,0,0,1,4,50.00,0
2,118,1,0,4,0,1,0,0,1,0,0.00,1
1,27,1,1,1,0,1,1,1,8,19,66.71,1
1,20,1,0,4,0,7,0,1,3,22,64.95,0
2,21,1,0,4,0,1,0,0,5,28,72.44,1
1,40,1,0,4,0,1,0,0,2,0,83.80,0
2,118,1,0,4,0,7,1,1,5,21,45.44,0
2,38,1,0,4,0,7,0,1,2,0,0.00,0
1,21,1,0,1,0,2,1,1,3,29,65.82,1
1,18,1,0,1,0,2,1,1,2,9,45.91,1
2,32,1,0,4,0,1,0,0,3,13,41.75,1
1,27,1,0,1,0,2,1,1,1,10,70.32,1
2,25,1,0,3,0,5,0,0,5,13,67.38,1
2,24,1,0,1,0,2,1,1,2,21,76.31,1
1,24,1,0,4,0,7,0,1,1,4,73.72,0
1,23,1,1,1,0,1,1,1,1,10,84.88,0
1,23,1,0,3,0,4,1,1,4,13,34.52,0
2,30,1,1,1,0,1,1,1,1,0,86.00,0
1,22,1,0,1,0,2,1,1,1,5,67.71,1
1,18,1,0,4,0,1,0,0,5,21,48.00,1
1,118,1,0,3,0,4,1,1,1,5,0.00,0
2,43,1,0,4,0,1,0,0,1,3,84.93,0
2,21,1,1,2,0,3,0,0,3,10,66.97,0
2,26,1,1,4,0,6,0,0,3,24,65.65,0
1,118,1,0,4,0,7,0,1,1,0,0.00,0
1,20,1,0,4,0,1,0,0,3,16,57.27,1
2,29,1,1,2,0,1,0,1,2,3,77.10,1
1,20,1,1,1,0,1,1,1,4,27,82.27,0
1,23,1,0,3,0,4,1,1,4,10,69.09,0
2,24,1,1,2,0,3,0,0,1,16,79.44,0
1,27,1,0,1,0,2,1,1,4,16,74.78,1
2,21,1,0,3,0,5,0,0,3,22,61.87,1
1,20,1,1,1,0,1,1,1,4,19,61.87,1
2,23,1,1,1,0,1,1,1,5,23,73.58,1
1,118,1,0,1,0,2,1,1,1,10,0.00,1
2,22,1,0,1,0,2,1,1,5,23,79.64,0
1,20,1,1,2,0,3,0,0,3,13,57.41,0
1,118,1,1,4,0,6,0,0,2,21,0.00,0
2,23,1,0,1,0,2,1,1,7,22,81.46,0
2,20,1,0,3,0,4,1,1,1,5,49.29,0
1,23,1,1,1,0,1,1,1,3,29,76.97,1
2,24,1,0,4,0,1,0,0,6,15,59.49,1
1,24,1,0,4,0,7,1,1,2,21,77.92,0
1,23,1,1,2,0,3,0,0,5,23,71.15,0
2,22,1,1,2,0,1,0,1,1,1,87.47,0
1,19,1,0,4,0,7,1,1,7,23,62.67,0
1,23,1,0,4,0,7,1,1,1,4,62.12,0
2,35,1,0,1,0,2,1,1,2,8,69.56,1
1,23,1,0,3,0,5,0,0,2,7,38.02,1
1,24,1,0,4,0,1,0,0,3,24,71.06,1
2,37,1,0,3,0,5,0,0,1,NULL,0.00,1
2,25,1,1,2,0,1,0,1,2,16,66.86,1
2,118,1,1,2,0,3,0,0,2,25,0.00,0
1,19,1,0,4,0,7,0,1,5,23,59.36,0
2,18,1,1,2,0,1,0,1,5,21,45.38,1
2,22,1,0,3,0,4,1,1,1,9,68.39,0
1,20,1,0,4,0,7,0,1,4,16,57.32,0
2,19,1,0,4,0,7,0,1,5,27,70.95,0
2,21,1,1,2,0,3,0,0,3,24,70.21,0
1,21,1,1,2,0,3,0,0,1,5,50.32,0
1,26,1,0,4,0,7,1,1,1,16,73.09,0
1,26,1,1,2,0,3,0,0,3,24,67.51,0
2,19,1,0,3,0,5,0,0,3,12,62.57,1
2,23,1,0,3,0,5,0,0,5,28,75.78,1
1,24,1,0,1,0,2,1,1,8,30,75.50,1
2,22,1,1,1,0,1,1,1,2,15,58.19,1
1,23,1,0,1,0,2,1,1,4,6,64.87,1
1,118,1,1,1,0,1,1,1,1,0,0.00,1
2,118,1,1,4,0,6,0,0,1,0,0.00,0
1,21,1,1,2,0,3,0,0,3,22,68.38,0
2,22,1,1,2,0,1,0,1,3,29,69.06,1
1,27,1,0,1,0,2,1,1,7,22,65.82,1
2,21,1,0,4,0,7,1,1,5,19,57.53,0
2,25,1,0,1,0,2,1,1,2,7,60.83,1
2,20,1,0,3,0,5,0,0,3,11,71.64,1
2,29,1,1,2,0,3,0,0,2,0,NULL,0
2,41,1,1,1,0,1,1,1,2,0,NULL,0
1,118,1,1,1,0,1,1,1,2,0,NULL,0
2,39,1,0,1,0,2,1,1,2,0,NULL,0
1,20,1,0,4,0,7,1,1,1,4,66.34,0
2,30,1,0,4,0,7,0,1,6,24,84.67,0
1,20,1,0,4,0,7,0,1,1,5,51.42,0
2,24,1,0,4,0,7,1,1,6,16,70.58,0
2,20,1,1,2,0,3,0,0,3,16,43.36,0
2,34,1,1,2,0,1,0,1,3,3,74.20,1
2,24,1,0,4,0,7,0,1,3,24,70.86,0
2,18,1,0,4,0,7,0,1,6,19,33.67,0
1,26,1,0,3,0,5,0,0,8,30,71.90,1
2,118,1,1,2,0,1,0,1,1,0,0.00,1
2,19,1,0,1,0,2,1,1,6,19,49.82,1
2,21,1,0,1,0,2,1,1,4,27,69.06,1
1,19,1,1,2,0,1,0,1,3,12,55.17,1
1,24,1,0,4,0,7,0,1,5,26,87.85,0
2,22,1,1,2,0,1,0,1,8,20,63.43,1
2,20,1,1,4,0,6,0,0,4,13,63.40,0
2,118,1,0,4,0,7,1,1,1,0,0.00,0
2,24,1,0,4,0,7,1,1,5,26,79.44,0
1,18,1,1,2,0,3,0,0,3,13,15.67,0
2,26,1,0,4,0,7,0,1,3,10,0.00,0
2,20,1,0,3,0,5,0,0,5,27,72.47,1
1,25,1,1,2,0,3,0,0,3,0,81.78,0
1,20,1,0,4,0,7,0,1,3,24,70.08,0
2,22,1,1,1,0,1,1,1,5,28,78.83,1
1,21,1,1,2,0,1,0,1,5,17,54.04,1
2,25,1,0,4,0,7,1,1,2,0,66.72,0
2,23,1,0,3,0,4,1,1,5,28,77.42,0
2,39,1,1,4,0,6,0,0,1,3,82.12,0
1,18,1,0,4,0,7,1,1,3,9,35.50,0
2,20,1,1,1,0,1,1,1,4,17,53.00,1
1,19,1,1,4,0,6,0,0,4,16,63.59,0
2,118,1,0,4,0,7,0,1,1,3,0.00,0
2,118,1,1,2,0,1,0,1,1,3,0.00,1
1,28,1,1,1,0,1,1,1,2,32,76.27,1
2,25,1,0,4,0,7,1,1,2,9,40.34,0
2,19,1,0,3,0,5,0,0,5,21,48.22,1
1,40,1,0,4,0,7,0,1,1,3,0.00,0
2,118,1,0,4,0,1,0,0,1,0,0.00,1
1,18,1,0,3,0,4,1,1,6,19,48.30,0
1,19,1,0,4,0,1,0,0,5,27,79.21,0
1,20,1,1,2,0,1,0,1,5,23,58.07,1
2,24,1,0,3,0,4,1,1,7,22,81.29,0
2,23,1,1,2,0,3,0,0,5,23,74.45,0
2,24,1,0,4,0,7,1,1,4,12,62.18,0
2,21,1,0,4,0,1,0,0,4,27,77.23,1
2,21,1,0,4,0,1,0,0,4,16,54.06,1
1,37,1,1,2,0,3,0,0,1,80,0.00,0
1,21,1,0,4,0,7,1,1,2,10,61.74,0
2,22,1,1,2,0,3,0,0,3,29,68.39,0
2,22,1,1,1,0,1,1,1,5,16,73.13,1
1,19,1,1,2,0,3,0,0,1,5,42.50,0
2,25,1,0,1,0,2,1,1,2,21,76.27,1
2,118,1,0,3,0,4,1,1,1,0,0.00,0
1,23,1,1,4,0,6,0,0,3,9,44.56,0
2,21,1,0,3,0,5,0,0,3,12,59.89,1
1,18,1,1,2,0,1,0,1,6,19,46.00,1
2,27,1,1,2,0,3,0,0,4,40,73.72,0
1,19,1,0,1,0,2,1,1,5,27,77.42,1
2,24,1,0,1,0,2,1,1,8,30,74.98,1
2,24,1,0,3,0,4,1,1,5,26,81.02,0
1,21,1,1,4,0,6,0,0,1,5,57.86,0
2,23,1,0,4,0,1,0,0,2,5,48.56,1
2,18,1,0,4,0,1,0,0,6,19,48.55,1
2,24,1,0,3,0,4,1,1,5,17,54.11,0
2,23,1,0,3,0,5,0,0,4,27,64.35,1
2,18,1,1,1,0,1,1,1,6,19,49.55,1
2,20,1,1,2,0,1,0,1,5,21,45.88,1
2,21,1,0,4,0,7,0,1,7,20,62.44,0
2,19,1,0,4,0,7,0,1,5,21,40.25,0
1,18,1,0,1,0,2,1,1,3,13,37.00,1
2,29,1,0,4,0,7,0,1,1,0,91.86,0
2,22,1,1,4,0,6,0,0,8,19,75.81,0
2,18,1,0,3,0,4,1,1,5,21,47.89,0
2,26,1,1,2,0,3,0,0,3,24,69.78,0
1,118,1,0,3,0,5,0,0,1,0,0.00,1
2,24,1,1,1,0,1,1,1,4,16,69.14,1
2,19,1,0,1,0,2,1,1,1,5,47.92,1
2,19,1,0,3,0,5,0,0,6,19,51.64,1
1,27,1,1,2,0,3,0,0,4,16,73.00,0
1,22,1,1,4,0,6,0,0,1,6,68.67,0
2,21,1,1,2,0,1,0,1,3,24,61.52,1
1,28,1,0,4,0,7,0,1,2,0,0.00,0
2,36,1,1,2,0,3,0,0,1,0,70.58,0
2,22,1,1,2,0,3,0,0,5,17,53.61,0
2,21,1,1,2,0,1,0,1,3,24,66.20,1
2,24,1,1,4,0,6,0,0,1,0,83.82,0
1,34,1,1,1,0,1,1,1,1,5,0.00,1
2,18,1,0,4,0,7,0,1,6,19,73.33,0
1,24,1,0,4,0,1,0,0,5,23,87.11,0
1,26,1,1,1,0,1,1,1,5,26,73.31,1
2,24,1,1,4,0,6,0,0,1,5,67.54,0
1,28,1,1,2,0,1,0,1,1,3,80.32,0
2,21,1,0,4,0,1,0,0,4,21,76.07,1
2,23,1,0,1,0,2,1,1,3,24,77.21,1
2,33,1,1,2,0,1,0,1,1,0,0.00,1
1,18,1,0,3,0,5,0,0,5,21,18.00,1
1,22,1,1,2,0,3,0,0,5,23,75.80,0
1,20,1,1,2,0,1,0,1,3,24,76.90,1
2,24,1,1,4,0,6,0,0,2,6,35.00,0
2,24,1,1,4,0,6,0,0,3,24,70.46,0
2,25,1,0,3,0,5,0,0,3,24,74.92,1
1,24,1,0,1,0,2,1,1,8,30,76.04,1
1,24,1,0,4,0,7,1,1,2,0,88.26,0
2,22,1,0,1,0,2,1,1,3,29,69.35,1
2,18,1,0,4,0,7,0,1,6,19,85.17,0
2,23,1,0,3,0,5,0,0,1,4,70.02,1
2,21,1,0,4,0,7,1,1,3,11,58.07,0
2,23,1,0,4,0,7,0,1,1,2,68.07,0
2,20,1,0,4,0,7,1,1,4,27,72.96,0
2,20,1,0,4,0,7,1,1,2,12,68.86,0
1,20,1,1,2,0,3,0,0,4,16,55.94,0
2,19,1,1,2,0,1,0,1,6,19,49.17,1
1,18,1,1,2,0,1,0,1,4,13,38.53,1
2,21,1,0,1,0,2,1,1,5,16,65.31,1
1,36,1,0,3,0,4,1,1,2,0,NULL,0
2,24,1,1,4,0,6,0,0,2,0,NULL,0
2,34,1,1,1,1,1,1,1,2,0,NULL,0
1,21,1,0,4,0,7,1,1,2,0,NULL,0
2,22,1,0,4,0,7,1,1,5,23,59.21,0
2,22,1,0,4,0,1,0,0,5,19,51.33,1
1,38,1,1,2,0,3,0,0,1,0,77.51,0
2,24,1,1,4,0,6,0,0,5,23,69.63,0
2,21,1,0,1,0,2,1,1,3,14,57.23,1
1,24,1,0,3,0,5,0,0,1,16,78.90,1
2,22,1,1,2,0,1,0,1,3,29,60.98,1
1,26,1,1,4,0,6,0,0,1,6,56.82,0
2,20,1,1,2,0,1,0,1,3,17,75.57,1
2,24,1,1,2,0,1,0,1,1,16,84.81,0
1,23,1,0,4,0,1,0,0,3,24,79.28,0
2,20,1,0,4,0,7,1,1,4,27,70.73,0
1,25,1,0,3,0,5,0,0,1,16,76.24,1
2,26,1,0,1,0,2,1,1,4,27,59.51,1
2,21,1,1,2,0,1,0,1,5,28,72.44,1
2,19,1,0,4,0,7,1,1,4,19,57.76,0
1,21,1,0,4,0,7,1,1,4,27,77.96,0
2,19,1,1,2,0,3,0,0,5,27,77.89,0
1,26,1,1,1,0,1,1,1,2,16,72.98,1
2,25,1,1,2,0,1,0,1,8,30,78.50,1
2,20,1,0,4,0,1,0,0,5,27,67.88,1
1,28,1,0,3,0,5,0,0,1,5,53.41,1
1,118,1,0,1,0,2,1,1,1,0,0.00,1
2,118,1,0,4,0,7,1,1,1,5,0.00,0
2,21,1,0,3,0,5,0,0,6,18,80.50,0
2,20,1,0,4,0,7,0,1,2,15,42.95,0
1,23,1,1,4,0,6,0,0,2,16,71.63,0
2,21,1,1,4,0,6,0,0,4,16,63.06,0
2,21,1,0,4,0,7,0,1,3,24,79.52,0
1,23,1,0,1,0,2,1,1,6,31,65.23,1
1,24,1,0,1,0,2,1,1,1,10,82.88,0
1,20,1,0,4,0,7,0,1,4,15,47.75,0
1,118,1,0,4,0,1,0,0,1,0,0.00,1
1,18,1,0,4,0,1,0,0,6,19,57.67,1
1,20,1,0,3,0,4,1,1,5,14,68.53,0
2,118,1,1,2,0,1,0,1,1,0,0.00,1
1,25,1,1,1,0,1,1,1,4,37,74.20,1
2,26,1,1,2,0,1,0,1,1,16,72.44,1
1,22,1,0,4,0,7,0,1,3,29,64.03,0
1,20,1,1,2,0,1,0,1,4,27,72.69,1
1,20,1,1,1,0,1,1,1,2,13,72.08,1
1,21,1,0,3,0,4,1,1,4,16,48.50,0
1,22,1,1,4,0,6,0,0,5,23,73.19,0
1,23,1,0,4,0,7,0,1,5,23,72.00,0
2,22,1,1,2,0,3,0,0,5,23,66.95,0
1,24,1,1,1,0,1,1,1,3,24,66.85,1
2,22,1,0,4,0,7,1,1,1,9,65.46,0
2,25,1,0,4,0,7,1,1,1,0,78.58,0
1,27,1,0,4,0,1,0,0,1,0,79.71,0
1,23,1,0,3,0,5,0,0,3,24,75.55,1
2,20,1,1,4,0,6,0,0,4,19,57.57,0
2,30,1,0,1,0,2,1,1,3,24,67.68,1
2,25,1,0,3,0,4,1,1,1,16,79.40,0
1,21,1,0,3,0,4,1,1,3,11,54.65,0
2,23,1,0,3,0,4,1,1,1,4,70.05,0
1,24,1,1,2,0,1,0,1,3,24,66.63,1
2,24,1,0,4,0,1,0,0,5,16,82.81,0
1,20,1,0,4,0,1,0,0,6,20,66.96,1
2,21,1,0,4,0,1,0,0,3,22,65.00,1
2,19,1,0,3,0,5,0,0,1,4,45.71,1
2,19,1,1,4,0,6,0,0,3,13,37.43,0
1,25,1,1,1,0,1,1,1,5,26,85.27,0
1,19,1,0,3,0,4,1,1,5,23,62.06,0
1,32,1,0,3,0,5,0,0,1,5,40.77,1
2,18,1,1,4,0,6,0,0,5,19,78.00,0
1,18,1,1,2,0,3,0,0,5,19,36.27,0
1,18,1,0,3,0,5,0,0,5,21,43.67,1
2,18,1,1,1,0,1,1,1,6,19,46.27,1
2,118,1,1,2,0,1,0,1,1,16,0.00,1
2,24,1,1,2,0,1,0,1,2,15,48.93,1
1,26,1,0,1,0,2,1,1,2,21,76.92,1
2,23,1,0,3,0,4,1,1,5,28,63.93,0
1,21,1,0,4,0,7,1,1,3,24,71.17,0
2,23,1,1,1,0,1,1,1,3,24,72.02,1
2,21,1,1,2,0,3,0,0,3,29,69.84,0
1,30,1,0,3,0,5,0,0,6,19,32.35,1
1,19,1,1,2,0,3,0,0,4,15,54.71,0
1,20,1,1,2,0,1,0,1,1,4,42.57,1
1,118,1,1,1,0,1,1,1,1,0,0.00,1
2,19,1,0,3,0,4,1,1,4,15,59.69,0
2,24,1,0,4,0,1,0,0,1,16,79.63,0
1,22,1,0,3,0,4,1,1,3,24,53.18,0
1,18,1,0,4,0,7,1,1,5,21,0.00,0
1,25,1,0,4,0,7,1,1,7,22,79.56,0
2,24,1,1,1,0,1,1,1,5,28,51.46,1
1,18,1,0,4,0,7,0,1,5,21,27.67,0
2,21,1,1,1,0,1,1,1,1,4,49.96,1
2,21,1,0,4,0,7,1,1,4,16,45.94,0
1,19,1,1,1,0,1,1,1,4,15,76.18,1
2,23,1,0,3,0,4,1,1,2,18,59.93,0
2,118,1,1,1,0,1,1,1,3,3,0.00,1
2,23,1,1,4,0,6,0,0,4,27,65.56,0
1,21,1,0,4,0,7,1,1,8,19,71.79,0
2,22,1,0,4,0,7,0,1,5,23,76.78,0
2,118,1,1,2,0,1,0,1,5,27,75.37,1
1,34,1,0,4,0,7,0,1,4,16,77.58,0
1,20,1,0,4,0,1,0,0,3,24,65.32,1
2,29,1,0,4,0,7,0,1,1,5,59.74,0
2,40,2,0,3,0,5,0,0,1,3,40.80,1
2,21,1,0,3,0,4,1,1,1,6,67.00,0
1,21,1,1,4,0,6,0,0,4,25,72.24,0
2,24,1,1,2,0,3,0,0,3,10,20.67,0
2,24,1,1,4,0,6,0,0,4,17,34.89,0
1,118,1,1,1,0,1,1,1,1,0,0.00,1
1,21,1,1,2,0,1,0,1,5,27,63.09,1
2,23,1,0,3,0,4,1,1,5,26,85.29,0
1,19,1,0,4,0,7,1,1,5,17,42.10,0
1,23,1,1,1,0,1,1,1,6,16,72.88,1
2,18,1,1,4,0,6,0,0,6,19,35.33,0
2,43,1,0,4,0,1,0,0,4,16,49.38,1
1,20,1,1,2,0,3,0,0,3,10,57.53,0
1,118,1,1,2,0,3,0,0,1,5,0.00,0
2,118,1,1,2,0,3,0,0,1,3,0.00,0
2,20,1,1,2,0,3,0,0,3,21,71.86,0
1,26,1,1,2,0,3,0,0,4,25,65.57,0
2,118,1,0,4,0,1,0,0,1,3,0.00,1
2,22,1,0,1,0,2,1,1,7,20,59.66,1
2,39,1,0,3,0,4,1,1,1,0,0.00,0
2,25,1,1,2,0,1,0,1,1,9,46.74,1
1,19,1,1,2,0,1,0,1,1,5,43.09,1
2,20,1,0,4,0,1,0,0,6,19,63.52,1
2,118,1,0,3,0,5,0,0,1,16,0.00,1
1,21,1,0,3,0,5,0,0,2,15,73.68,1
1,23,1,1,1,0,1,1,1,8,26,71.68,1
2,23,1,1,2,0,3,0,0,2,9,64.54,0
2,24,1,1,4,0,6,0,0,3,11,61.30,0
2,23,1,1,1,0,1,1,1,1,4,69.50,1
2,33,1,0,1,0,2,1,1,1,NULL,0.00,1
2,28,1,0,4,0,1,0,0,1,5,51.03,1
2,22,1,0,1,0,2,1,1,5,26,86.54,0
2,23,1,0,4,0,1,0,0,2,18,67.25,1
1,26,1,1,4,0,6,0,0,2,3,79.33,0
2,20,1,0,1,0,2,1,1,3,11,51.72,1
2,18,1,1,2,0,3,0,0,6,19,48.27,0
1,22,1,0,3,0,4,1,1,5,23,69.53,0
1,32,2,1,4,0,6,0,0,1,NULL,0.00,0
2,118,1,1,4,0,6,0,0,1,3,0.00,0
1,22,1,0,3,0,4,1,1,3,24,74.77,0
2,23,1,0,4,0,1,0,0,5,17,54.61,1
1,23,1,0,4,0,7,0,1,2,18,60.25,0
1,21,1,0,4,0,7,1,1,4,13,63.62,0
1,21,1,0,1,0,2,1,1,3,17,65.35,1
2,37,1,0,4,0,7,1,1,2,0,0.00,0
1,21,1,0,3,0,4,1,1,7,20,61.28,0
1,20,1,0,4,0,1,0,0,5,23,60.69,1
2,27,1,1,2,0,1,0,1,1,0,52.17,1
1,18,1,0,1,0,2,1,1,6,19,47.36,1
2,33,1,0,4,0,7,1,1,5,13,72.58,0
1,118,1,1,2,0,1,0,1,1,0,0.00,1
2,22,1,0,4,0,7,0,1,2,13,67.26,0
2,23,1,0,4,0,1,0,0,3,29,35.76,1
2,20,1,0,1,0,2,1,1,5,27,78.16,1
2,32,1,0,4,0,7,0,1,1,8,79.21,0
1,22,1,0,1,0,2,1,1,5,28,69.85,1
2,21,1,0,3,0,5,0,0,4,17,56.60,1
2,21,1,0,1,0,2,1,1,7,28,25.80,1
1,23,1,1,4,0,6,0,0,5,26,79.79,0
2,25,1,0,4,0,1,0,0,1,16,79.94,0
1,22,1,0,4,0,7,1,1,2,18,69.05,0
1,26,1,0,4,0,7,1,1,2,13,56.76,0
1,30,1,0,4,0,1,0,0,2,0,NULL,0
2,38,1,1,2,0,3,0,0,2,0,NULL,0
1,118,1,0,1,0,2,1,1,2,0,NULL,0
1,32,1,0,3,0,5,0,0,2,0,NULL,0
1,118,1,0,1,0,2,1,1,1,3,0.00,1
1,118,1,0,1,0,2,1,1,1,0,0.00,1
1,20,1,1,2,0,1,0,1,5,23,54.00,1
1,19,1,1,2,0,3,0,0,5,21,45.33,0
1,118,1,0,4,0,1,0,0,2,0,0.00,1
1,20,1,1,1,0,1,1,1,1,4,61.09,1
2,18,1,0,4,0,1,0,0,6,19,49.36,1
1,19,1,1,4,0,6,0,0,5,21,46.44,0
2,30,1,0,3,0,5,0,0,4,16,72.44,1
1,25,1,0,3,0,5,0,0,7,22,78.12,1
1,36,1,1,2,0,1,0,1,1,5,0.00,1
2,26,1,1,2,0,3,0,0,4,27,68.49,0
2,23,1,0,4,0,7,1,1,5,26,81.26,0
1,22,1,1,4,0,6,0,0,1,6,48.19,0
2,26,1,0,3,0,4,1,1,1,5,88.54,0
2,18,1,0,1,0,2,1,1,5,21,49.80,1
1,24,1,0,3,0,4,1,1,2,21,79.84,0
2,22,1,0,3,0,4,1,1,6,19,30.74,0
2,19,1,0,4,0,7,1,1,6,19,46.64,0
2,19,1,0,3,0,4,1,1,3,13,34.57,0
2,20,1,0,4,0,7,0,1,4,17,63.79,0
2,33,1,0,4,0,7,0,1,2,0,NULL,0
1,30,1,0,1,0,2,1,1,2,0,NULL,0
2,18,1,0,3,0,5,0,0,6,19,55.11,1
1,24,1,0,4,0,7,1,1,2,0,NULL,0
2,25,1,0,4,0,7,0,1,2,0,NULL,0
2,28,1,0,3,0,5,0,0,2,0,NULL,0
1,25,1,1,4,0,6,0,0,2,21,72.33,0
2,19,1,1,1,0,1,1,1,1,5,56.10,1
2,25,1,1,2,0,1,0,1,1,4,69.02,1
1,26,1,1,2,0,1,0,1,3,24,72.96,1
2,22,1,0,4,0,7,1,1,3,29,65.50,0
1,23,1,1,2,0,1,0,1,3,29,76.52,1
2,23,1,0,4,0,7,0,1,4,13,56.50,0
1,21,1,1,2,0,3,0,0,5,21,28.89,0
2,18,1,0,3,0,4,1,1,6,19,40.78,0
2,118,1,0,4,0,7,0,1,1,16,0.00,0
1,25,1,0,4,0,1,0,0,5,17,37.24,1
1,19,1,0,4,0,7,1,1,6,19,53.00,0
2,19,1,1,2,0,1,0,1,3,13,26.55,1
2,24,1,1,2,0,3,0,0,2,16,72.87,0
2,118,1,0,4,0,1,0,0,5,17,73.20,1
1,118,1,0,3,0,4,1,1,1,10,0.00,0
2,34,1,1,4,0,6,0,0,2,0,NULL,0
1,21,1,0,3,0,5,0,0,3,12,60.25,1
2,19,1,1,4,0,6,0,0,1,4,50.75,0
2,118,1,0,4,0,7,0,1,1,0,0.00,0
2,27,1,0,4,0,1,0,0,1,3,0.00,1
2,20,1,0,1,0,2,1,1,4,15,51.33,1
2,23,1,0,4,0,7,1,1,8,20,66.16,0
1,24,1,1,1,0,1,1,1,5,28,69.67,1
2,44,2,1,2,0,1,0,1,4,16,80.00,0
1,21,1,1,2,0,3,0,0,5,14,57.16,0
2,23,1,1,2,0,1,0,1,6,14,66.29,1
1,23,1,1,1,0,1,1,1,5,23,73.00,1
1,24,1,0,3,0,5,0,0,1,6,55.14,1
2,25,1,0,1,0,2,1,1,2,16,67.88,1
2,25,1,1,1,0,1,1,1,1,16,86.00,0
2,19,1,1,2,0,3,0,0,6,19,43.64,0
1,28,1,1,2,0,1,0,1,2,25,69.77,1
1,21,1,1,1,0,1,1,1,5,16,79.59,0
1,22,1,1,2,0,1,0,1,3,29,67.83,1
2,24,1,1,1,0,1,1,1,2,19,60.78,1
1,25,1,1,1,0,1,1,1,4,13,65.79,1
2,23,1,0,4,0,7,0,1,3,24,61.35,0
2,26,1,0,4,0,7,0,1,2,21,74.85,0
2,20,1,0,1,0,2,1,1,2,15,72.88,1
1,22,1,0,4,0,7,1,1,5,18,32.14,0
1,23,1,0,4,0,7,1,1,2,18,62.62,0
2,19,1,0,4,0,7,0,1,6,19,52.22,0
1,20,1,1,1,0,1,1,1,6,19,45.70,1
2,19,1,1,2,0,3,0,0,5,21,16.60,0
2,35,1,1,4,0,6,0,0,2,0,NULL,0
2,30,1,0,1,0,2,1,1,2,0,NULL,0
2,30,1,0,4,0,7,0,1,2,0,NULL,0
2,118,1,1,2,0,1,0,1,1,3,0.00,1
2,24,1,0,3,0,4,1,1,1,10,82.07,0
1,20,1,0,3,0,4,1,1,4,15,70.47,0
1,25,1,0,4,0,7,1,1,5,14,70.89,0
2,26,1,0,3,0,5,0,0,6,30,16.00,1
1,19,1,0,4,0,1,0,0,3,18,69.15,1
1,21,1,0,3,0,4,1,1,8,19,74.68,0
2,19,1,0,3,0,5,0,0,2,0,NULL,0
2,23,1,1,2,0,1,0,1,2,0,NULL,0
2,37,3,0,3,0,4,1,1,2,0,NULL,0
2,35,1,0,3,0,4,1,1,2,0,NULL,0
1,35,1,1,4,0,6,0,0,2,0,NULL,0
2,32,1,0,3,0,5,0,0,2,3,0.00,1
1,21,1,1,1,0,1,1,1,2,6,55.08,1
2,21,1,0,3,0,5,0,0,5,28,79.14,0
1,24,1,0,3,0,5,0,0,7,22,79.83,0
1,22,1,0,4,0,7,1,1,1,9,67.36,0
1,118,1,0,3,0,5,0,0,2,3,0.00,1
1,23,1,1,2,0,1,0,1,5,23,77.33,1
2,19,1,0,4,0,7,1,1,5,17,43.00,0
1,23,1,0,3,0,5,0,0,5,26,85.45,0
2,24,1,1,2,0,1,0,1,1,16,81.02,0
2,22,1,0,4,0,1,0,0,1,4,65.06,1
2,19,1,1,2,0,3,0,0,6,21,57.22,0
2,26,1,0,1,0,2,1,1,1,9,48.43,1
2,24,1,0,4,0,1,0,0,3,29,49.86,1
2,20,1,1,2,0,3,0,0,3,12,58.06,0
1,20,1,0,3,0,5,0,0,4,13,24.44,1
2,22,1,0,4,0,1,0,0,4,12,54.10,1
1,25,1,1,2,0,3,0,0,6,14,62.78,0
2,25,1,1,1,0,1,1,1,2,0,72.66,1
1,34,1,1,2,0,1,0,1,2,0,NULL,0
1,27,1,1,1,0,1,1,1,2,0,NULL,0
1,24,1,0,1,0,2,1,1,1,16,81.31,0
1,20,1,0,4,0,7,0,1,4,23,64.45,0
2,20,1,0,3,0,5,0,0,5,21,48.33,1
1,22,1,0,4,0,1,0,0,3,9,67.69,1
1,21,1,0,1,0,2,1,1,4,15,59.59,1
1,22,1,1,1,0,1,1,1,3,9,58.00,1
2,22,1,0,4,0,7,0,1,5,28,71.50,0
1,18,1,0,3,0,5,0,0,8,26,44.38,1
1,23,1,1,1,0,1,1,1,5,28,69.36,1
1,25,1,0,1,0,2,1,1,1,5,81.98,0
2,18,1,1,4,0,6,0,0,6,19,45.18,0
1,118,1,1,2,0,3,0,0,1,5,0.00,0
2,25,1,1,4,0,6,0,0,6,16,73.19,0
2,25,1,0,1,0,2,1,1,5,23,69.68,1
2,118,1,1,1,0,1,1,1,4,19,33.53,1
1,19,1,0,4,0,1,0,0,6,19,52.45,1
2,23,1,0,3,0,4,1,1,1,1,91.82,0
1,27,1,1,4,0,6,0,0,2,21,72.21,0
2,25,1,0,4,0,7,1,1,3,24,79.47,0
1,21,1,1,4,0,6,0,0,2,8,64.50,0
2,21,1,0,3,0,5,0,0,3,24,59.29,1
1,118,1,1,4,0,6,0,0,1,0,0.00,0
2,37,1,1,4,0,6,0,0,1,NULL,0.00,0
1,18,1,0,4,0,1,0,0,5,21,48.00,1
1,27,1,0,1,0,2,1,1,7,22,75.36,1
1,22,1,1,2,0,1,0,1,4,16,73.78,1
2,19,1,0,4,0,7,0,1,5,21,50.33,0
2,33,1,1,2,0,1,0,1,4,16,66.61,1
2,22,1,1,2,0,3,0,0,3,12,32.13,0
1,118,1,0,3,0,5,0,0,1,3,0.00,1
1,118,1,1,4,0,6,0,0,2,0,0.00,0
1,26,1,0,3,0,5,0,0,7,22,73.44,1
2,23,1,0,1,0,2,1,1,1,12,24.05,1
1,22,1,1,4,0,6,0,0,5,16,64.33,0
2,118,1,0,4,0,1,0,0,1,3,0.00,1
2,118,1,1,4,0,6,0,0,1,0,0.00,0
2,18,1,1,2,0,3,0,0,6,19,51.78,0
1,22,1,0,3,0,5,0,0,3,24,64.96,1
2,22,1,0,3,0,4,1,1,7,18,69.09,0
1,24,1,1,2,0,3,0,0,2,16,67.12,0
1,23,1,0,1,0,2,1,1,7,18,75.57,1
2,24,1,1,2,0,1,0,1,1,16,85.36,0
2,22,1,0,4,0,7,1,1,2,10,70.90,0
2,21,1,0,3,0,4,1,1,5,28,78.56,0
2,23,1,0,3,0,4,1,1,1,9,64.00,0
2,19,1,0,3,0,5,0,0,6,19,57.13,1
2,24,1,1,1,0,1,1,1,1,0,80.98,0
2,18,1,0,3,0,4,1,1,5,21,46.22,0
1,24,1,1,2,0,1,0,1,3,24,74.41,1
2,20,1,0,3,0,4,1,1,3,12,48.60,0
2,19,1,1,2,0,1,0,1,3,9,41.64,1
1,19,1,0,1,0,2,1,1,4,15,67.56,1
1,24,1,1,1,0,1,1,1,5,23,53.64,1
2,21,1,0,4,0,7,0,1,1,4,48.50,0
1,22,1,1,2,0,1,0,1,5,15,33.73,1
1,22,1,1,2,0,1,0,1,5,26,84.02,0
2,22,1,0,4,0,7,0,1,3,10,62.95,0
1,34,1,1,1,0,1,1,1,1,5,48.00,1
2,20,1,1,2,0,3,0,0,5,23,46.31,0
2,23,1,0,4,0,7,1,1,3,24,63.10,0
2,25,1,0,4,0,1,0,0,2,21,77.22,1
2,21,1,0,4,0,7,0,1,5,26,84.39,0
1,23,1,0,3,0,5,0,0,5,26,76.74,1
1,22,1,0,4,0,7,0,1,4,12,54.74,0
1,23,1,1,2,0,1,0,1,13,52,20.06,1
2,118,1,1,2,0,1,0,1,1,10,0.00,1
1,21,1,1,2,0,3,0,0,3,12,60.39,0
1,22,1,1,1,0,1,1,1,2,8,52.33,1
2,22,1,0,4,0,7,1,1,6,31,54.41,0
2,25,1,1,2,0,1,0,1,4,16,79.53,0
1,24,1,0,4,0,1,0,0,7,23,38.00,1
1,21,1,0,4,0,1,0,0,3,12,60.40,1
2,20,1,1,1,0,1,1,1,5,21,59.71,1
1,21,1,0,1,0,2,1,1,3,24,71.96,1
2,21,1,0,4,0,7,1,1,4,15,75.94,0
2,25,1,1,2,0,1,0,1,3,23,36.93,1
1,22,1,0,4,0,7,0,1,1,4,53.71,0
1,20,1,0,4,0,7,1,1,3,9,39.70,0
2,18,1,0,4,0,1,0,0,3,14,48.64,1
1,19,1,0,4,0,7,1,1,6,19,51.91,0
2,26,1,0,3,0,5,0,0,2,21,73.00,1
1,18,1,0,3,0,4,1,1,8,26,42.25,0
1,30,1,0,4,0,1,0,0,7,22,81.33,0
2,19,1,0,4,0,7,0,1,5,17,37.70,0
2,23,1,1,2,0,1,0,1,5,16,75.33,1
1,26,1,1,4,0,6,0,0,2,21,76.22,0
1,118,1,0,3,0,5,0,0,3,80,0.00,1
2,22,1,1,1,0,1,1,1,5,26,77.41,1
1,28,1,0,4,0,7,1,1,4,15,65.47,0
1,25,1,1,4,0,6,0,0,2,21,77.30,0
2,23,1,0,4,0,7,0,1,5,23,71.95,0
2,24,1,1,1,0,1,1,1,1,5,83.81,0
1,20,1,0,1,0,2,1,1,3,14,62.52,1
1,17,1,0,4,0,7,0,1,3,13,31.00,0
1,28,1,0,4,0,7,1,1,1,10,85.63,0
2,18,1,0,1,0,2,1,1,6,19,37.00,1
1,20,1,0,4,0,7,0,1,5,23,64.88,0
1,21,1,1,2,0,1,0,1,2,7,58.85,1
2,22,1,0,3,0,4,1,1,5,14,77.71,0
2,27,1,1,2,0,3,0,0,11,42,21.13,0
1,27,1,0,3,0,4,1,1,4,16,79.67,0
2,19,1,0,4,0,1,0,0,6,19,46.55,1
1,20,1,1,2,0,3,0,0,3,13,56.19,0
1,24,1,0,4,0,1,0,0,4,27,58.38,1
2,21,1,1,2,0,3,0,0,4,27,69.74,0
2,25,1,0,4,0,1,0,0,3,24,67.96,1
2,20,1,1,4,0,6,0,0,3,22,68.76,0
2,22,1,0,4,0,7,1,1,5,28,70.41,0
2,21,1,0,4,0,7,1,1,4,17,64.17,0
2,21,1,1,4,0,6,0,0,4,16,48.36,0
1,23,1,1,2,0,3,0,0,3,24,66.77,0
1,19,1,0,3,0,4,1,1,5,27,72.53,0
1,19,1,1,2,0,1,0,1,6,19,36.00,1
2,32,1,0,4,0,1,0,0,4,16,75.50,1
1,38,1,0,3,0,5,0,0,2,0,NULL,0
1,33,1,1,2,0,1,0,1,2,0,NULL,0
